,Feeder Name,Feeder Head Node,Substation Name,Medium Voltage Length (miles),Three Phase Medium Voltage Length (miles),Three Phase Overhead Medium Voltage Length (miles),Two Phase Medium Voltage Length (miles),Two Phase Overhead Medium Voltage Length (miles),Single Phase Medium Voltage Length (miles),Single Phase Overhead Medium Voltage Length (miles),Overhead Percentage of Medium Voltage Line Miles,Ratio of Medium Voltage Lines to Number of Customers,Maximum Node Distance From Substation (miles),Nominal Voltage of Source (kV),Low Voltage Length (miles),Three Phase Low Voltage Length (miles),Three Phase Overhead Low Voltage Length (miles),Two Phase Low Voltage Length (miles),Two Phase Overhead Low Voltage Length (miles),Single Phase Low Voltage Length (miles),Single Phase Overhead Low Voltage Length (miles),Maximum Line Length From Transformer to Load (miles),Overhead Percentage of Low Voltage Line Miles,Ratio of Low Voltage Lines to Number of Customers,Number of Voltage Regulators,Number of Capacitors,Average Regulator Distance From Substation (miles),Average Capacitor Distance From Substation (miles),Number of Fuses,Number of Reclosers,Average Recloser Distance From Substation (miles),Number of Breakers,Number of Switches,Number of Lines Connected to Adjacent Feeder,Number of Closed Loops,Number of Transformers,Total Transformer Capacity (MVA),Number of Single Phase Transformers,Number of Three Phase Transformers,Ratio of Single Phase Transformers to Three Phase Transformers,Total Peak Planning Load (MW),Total Phase A Peak Planning Load (MW),Total Phase B Peak Planning Load (MW),Total Phase C Peak Planning Load (MW),Total Reactive Peak Planning Load (MVar),Percentage of Low Voltage Peak Planning Load on Phase A,Percentage of Low Voltage Peak Planning Load on Phase B,Percentage of Low Voltage Peak Planning Load on Phase C,Number of Single Phase Low Voltage Loads,Number of Three Phase Low Voltage Loads,Number of Medium Voltage Loads,Total Medium Voltage Peak Planning Load (MW),Average Number of Loads per Transformer,Average Peak Planning Load Power Factor,Average Peak Planning Load Imbalance by Phase,Total Number of Customers,Number of Customers per Square Mile of Feeder Convex Hull,Total Peak Planning Load (MW) per Square Mile of Feeder Convex Hull,Total Reactive Peak Planning Load (MVar) per Square Mile of Feeder Convex Hull,Total Transformer Capacity (MVA) per Square Mile of Feeder Convex Hull,Average Node Degree,Average Shortest Path Length,Diameter (Maximum Eccentricity),Number of PVs,Total PV Capacity (MW),Number of PVs with Volt-Var Control,Total Capacity of PVs with Volt-Var Control (MW),Number of PVs with Volt-Watt and Volt-Var Control,Total Capacity of PVs with Volt-Watt Volt-Var Control (MW),Number of Batteries,Total Capacity of Batteries (MW),Average Year of Building Construction,Average Land Value (USD per Square Foot),Percentage of Rural Customers,Percentage of Urban Customers,Percentage of Residential Customers,Percentage of Commercial Customers,Percentage of Industrial Customers,County,Line Configuration
0,p1uhs19_1247--p1udt14631,p1udt14631-p1uhs19_1247x,p1uhs19_1247,23.5787,11.7463,6.1967,0.0,0.0,11.8325,2.4481,18.4521,0.0161,2.7776,12.47,23.2712,0.5962,0.0,0.0,0.0,22.675,5.149,0.0855,10.9905,0.01590651426302121,0,2,,1.5886,63,0,,0,1100,1,0,758,34.175,696,62,11.2258,13.0327,4.266554097099998,4.3728227329000005,4.39332317,2.6699,32.7373,33.5527,33.71,1395,68,0,0.0,1.9301,0.9797,0.5375,1463.0,41886088946.8697,373128596.0319,76439247.2513,978439569213.4373,1.9996,121.8657,333,0,0.0,0,0.0,0,0.0,0,0.0,1980.0,340.2519917820645,0.0,100.0,97.5753,2.0818,0.342885,Travis,delta-wye
1,p1uhs0_1247--p1udt2142,p1udt2142-p1uhs0_1247x,p1uhs0_1247,17.9166,12.3766,10.5597,0.0,0.0,5.54,2.161,42.4691,0.0204,2.2689,12.47,12.0363,1.8597,0.0,0.0,0.0,10.1766,2.1985,0.0872,7.3397,0.0137087719557299,0,2,,1.6966,41,0,,0,355,4,0,390,32.5,258,132,1.9545,16.2477,5.4106790724,5.4136036584000005,5.423433516899999,3.3357,33.3012,33.3192,33.3797,702,174,2,2.8737,2.1106,0.9793,0.2111,878.0,31624719865.4373,585227695.0045,120149906.2714,1170618901624.955,1.9992,52.3965,143,0,0.0,0,0.0,0,0.0,0,0.0,1987.0,2968.272060698473,0.0,100.0,96.2763,3.05538,0.6683640000000001,Travis,delta-wye
2,p1uhs5_1247--p1udt19613,p1udt19613-p1uhs5_1247x,p1uhs5_1247,22.2909,10.7299,5.47,0.0,0.0,11.561,4.0032,19.9654,0.0137,2.7865,12.47,25.156999999999996,0.6279,0.0,0.0,0.0,24.5291,4.7721,0.0754,10.0577,0.015452677884701027,0,3,,1.5033,66,0,,0,918,3,0,653,37.975,602,51,11.8039,14.8994,5.0023841536,5.0396028548,4.8574129916,3.1065,33.5744,33.8242,32.6014,1570,58,0,0.0,2.4931,0.9794,0.5036,1628.0,55088583721.8452,504167723.3728,105117215.8417,1285005507885.1738,1.9996,129.7663,334,0,0.0,0,0.0,0,0.0,0,0.0,1982.0,385.50391604534536,0.0,100.0,98.367,0.864553,0.768492,Travis,delta-wye
3,p1uhs19_1247--p1udt17263,p1udt17263-p1uhs19_1247x,p1uhs19_1247,14.3899,3.7368,1.5998,0.0,0.0,10.6532,4.1137,18.0191,0.0142,3.1532,12.47,17.3181,0.0662,0.0,0.0,0.0,17.2519,2.9146,0.0732,9.1919,0.017112767556194956,0,1,,1.8549,33,0,,0,601,0,0,379,17.585,376,3,125.3333,7.0243,2.3766508321,2.3303325979,2.31731657,1.4276,33.8347,33.1753,32.99,1009,3,0,0.0,2.6702,0.9798,0.6571,1012.0,29715257527.5034,206253541.0125,41919370.8724,516346643894.4136,1.9993,121.4545,309,0,0.0,0,0.0,0,0.0,0,0.0,1989.0,190.41287431470192,0.0,100.0,98.2192,1.46119,0.319635,Travis,delta-wye
4,p1uhs5_1247--p1udt13240,p1udt13240-p1uhs5_1247x,p1uhs5_1247,20.6647,6.9176,3.1877,0.0,0.0,13.7471,6.6045,20.5791,0.0133,2.5454,12.47,26.9187,0.0165,0.0,0.0,0.0,26.9022,9.9169,0.0789,20.8412,0.017333353330594936,0,1,,1.5202,69,0,,0,811,0,0,688,28.025,686,2,343.0,12.261,4.0974422850000005,4.015526543999998,4.148043432,2.5043,33.4185,32.7504,33.8312,1550,2,1,1.4189,2.254,0.9799,0.5820000000000001,1553.0,48887327830.5309,385967444.7904,78832356.9044,882206930103.423,1.9995,117.47399999999999,340,0,0.0,0,0.0,0,0.0,0,0.0,1991.0,203.70021821777928,0.0,100.0,99.7415,0.0861574,0.172315,Travis,delta-wye
5,p1uhs10_1247--p1udt20878,p1udt20878-p1uhs10_1247x,p1uhs10_1247,8.3604,4.2618,2.7226,0.0,0.0,4.0986,1.7772,24.3894,0.012,2.7713,12.47,10.0896,0.3046,0.0,0.0,0.0,9.785,2.0311,0.0832,11.0089,0.014496536166707213,0,1,,2.4871,29,0,,0,292,2,0,223,12.775,187,36,5.1944,7.6986,2.5615551780000003,2.5595612406,2.57749128,1.5711,33.273,33.2471,33.48,654,40,2,2.3743,3.1071,0.9797,0.35100000000000003,696.0,31131067564.2756,344345530.9026,70272198.2098,571407166858.6517,1.9989,78.6841,183,0,0.0,0,0.0,0,0.0,0,0.0,1990.0,788.9851050940108,0.0,100.0,99.0012,0.52879,0.470035,Travis,delta-wye
6,p1uhs10_1247--p1udt14394,p1udt14394-p1uhs10_1247x,p1uhs10_1247,10.5535,7.1175,6.011,0.0,0.0,3.4360000000000004,0.608,34.8367,0.0175,3.1051,12.47,8.4465,0.3471,0.0,0.0,0.0,8.0994,1.5126,0.0765,7.9609,0.01400747670971577,0,1,,2.575,16,0,,0,268,0,0,218,13.975,172,46,3.7391,5.5366,1.8112377874,1.907247968,1.818108708,1.1517,32.7139,34.448,32.838,553,50,0,0.0,2.7661,0.9790000000000001,0.4159,603.0,22058623729.6564,202538242.1141,42130254.5957,511225981130.9258,1.9987,55.4709,136,0,0.0,0,0.0,0,0.0,0,0.0,1988.0,2292.322450846806,0.0,100.0,96.8354,1.7580900000000002,1.40647,Travis,delta-wye
7,p1uhs5_1247--p1udt21449,p1udt21449-p1uhs5_1247x,p1uhs5_1247,10.955,4.0764,1.4055,0.0,0.0,6.8786,1.1593,9.5938,0.0114,1.6795,12.47,15.7786,0.1169,0.0,0.0,0.0,15.6617,2.06,0.0689,7.7056,0.01643606989086013,0,1,,1.2733,32,0,,0,545,1,0,345,16.675,334,11,30.3636,6.667999999999999,2.220590696,2.2236846480000003,2.2237246560000004,1.3671,33.3022,33.3486,33.3492,948,12,0,0.0,2.7826,0.9799,0.6097,960.0,48052559242.5712,333763891.6026,68428835.30399999,834662943093.6204,1.9993,97.85,256,0,0.0,0,0.0,0,0.0,0,0.0,1983.0,178.33169949729066,0.0,100.0,99.0925,0.737379,0.170164,Travis,delta-wye
8,p1uhs10_1247--p1udt12591,p1udt12591-p1uhs10_1247x,p1uhs10_1247,9.9428,8.787,7.6605,0.0,0.0,1.1558,0.1864,57.2081,0.0385,2.0025,12.47,3.7738,0.9833,0.0,0.0,0.0,2.7905,0.3255,0.0906,2.3732,0.014627027483783563,0,4,,1.4598,12,0,,0,143,0,0,157,18.0,92,65,1.4154,11.9299,4.0267707264,3.944621435,3.9585078386,2.6843,33.7536,33.065,33.1814,173,81,4,5.121,1.6329,0.9791,0.0681,258.0,12712948279.9413,587845475.8449,132268149.5937,886949879995.902,1.9976,38.5541,101,0,0.0,0,0.0,0,0.0,0,0.0,1990.0,1611.1614869604043,0.0,100.0,95.1456,4.20712,0.647249,Travis,delta-wye
9,p1uhs3_1247--p1udt13260,p1udt13260-p1uhs3_1247x,p1uhs3_1247,18.8807,9.011000000000001,6.0869,0.0,0.0,9.8697,2.4521,23.7833,0.018000000000000002,1.7996,12.47,17.0227,0.7829,0.0,0.0,0.0,16.2398,2.4801,0.0765,6.9076,0.01619667999877325,0,3,,1.0169,60,0,,0,739,2,0,523,27.0,474,49,9.6735,12.3092,4.083823284,4.0890054572,4.1363712588000014,2.5917,33.177,33.2191,33.6039,986,63,2,2.0973,2.0057,0.9795,0.3686,1051.0,38840149093.6612,454890215.0953,95775866.2648,997796408685.8665,1.9994,113.8338,269,0,0.0,0,0.0,0,0.0,0,0.0,1982.0,300.08624498705456,0.0,100.0,97.383,1.98255,0.634417,Travis,delta-wye
10,p1uhs14_1247--p1udt9467,p1udt9467-p1uhs14_1247x,p1uhs14_1247,21.4466,11.8043,10.2475,0.0,0.0,9.6423,1.7949,29.2904,0.0164,2.1318,12.47,19.6672,1.1758,0.0,0.0,0.0,18.4914,3.7038,0.0756,9.0087,0.01501309479921143,0,4,,1.3069,54,0,,0,573,1,0,556,37.6,446,110,4.0545,15.9021,5.3219717091000005,5.378742206100001,5.2014019869000006,3.2478,33.4671,33.8241,32.7089,1181,128,1,1.3889,2.3519,0.9798,0.3605,1310.0,48298019112.3844,586291635.3301,119741240.0456,1386263754676.0679,1.9995,61.9958,180,0,0.0,0,0.0,0,0.0,0,0.0,1984.0,2074.8259783202757,0.0,100.0,98.6118,1.14031,0.247893,Travis,delta-wye
11,p1uhs14_1247--p1udt21168,p1udt21168-p1uhs14_1247x,p1uhs14_1247,12.6771,10.0522,8.7326,0.0,0.0,2.625,1.548,61.8718,0.0405,2.7321,12.47,3.9388,0.9379,0.0,0.0,0.0,3.0009,0.862,0.0719,5.1876,0.012584126450897857,0,2,,1.8719,24,0,,0,149,1,0,213,22.65,115,98,1.1735,9.8716,3.2810533068,3.2682794564000006,3.3222771084,2.0694,33.2373,33.1079,33.6549,202,110,1,1.3924,1.4626,0.9788,0.1124,313.0,10858525223.227,342464465.2013,71791106.1277,785768678294.2236,1.9980000000000002,37.0352,102,0,0.0,0,0.0,0,0.0,0,0.0,1987.0,2112.2317313603626,0.0,100.0,91.1275,7.67098,1.20148,Travis,delta-wye
12,p1uhs17_1247--p1udt19976,p1udt19976-p1uhs17_1247x,p1uhs17_1247,17.9849,10.2888,8.9235,0.0,0.0,7.6962,2.8116,35.3815,0.019,2.8824,12.47,15.1825,0.8193,0.0,0.0,0.0,14.3632,4.8522,0.0752,14.6293,0.016032222185910373,0,3,,1.7147,33,0,,0,431,2,0,442,26.875,360,82,4.3902,11.3974,3.9075643978,3.7567995906,3.7330360116000003,2.3158,34.2847,32.9619,32.7534,859,87,1,0.9425,2.1377,0.9799,0.3512,947.0,23328611012.0701,280766166.7432,57048726.4137,662044795089.1049,1.9992,58.1261,138,0,0.0,0,0.0,0,0.0,0,0.0,1990.0,1480.104912887507,0.0,100.0,98.5124,1.35537,0.132231,Travis,delta-wye
13,p1uhs17_1247--p1udt21587,p1udt21587-p1uhs17_1247x,p1uhs17_1247,7.2813,6.2257,5.1793,0.0,0.0,1.0556,0.6248,53.9446,0.0281,2.4619,12.47,3.4781,0.7367,0.0,0.0,0.0,2.7414,0.9967,0.0683,9.2634,0.013428814522172938,0,1,,2.0346,12,0,,0,95,1,0,132,14.55,79,53,1.4906,6.8737,2.1727628225999998,2.154011369,2.5469258084,1.3986,31.6098,31.337,37.0532,192,66,1,1.4233,1.9474,0.9799,0.1465,259.0,12024916032.2321,319131681.2767,64934566.1324,675530997177.5192,1.9972,41.1344,107,0,0.0,0,0.0,0,0.0,0,0.0,1987.0,2747.8448824918514,0.0,100.0,97.6632,2.25624,0.0805802,Travis,delta-wye
14,p1uhs1_1247--p1udt138,p1udt138-p1uhs1_1247x,p1uhs1_1247,26.2456,18.6407,16.5611,0.0,0.0,7.6049,5.0045,53.6216,0.0265,3.1029,12.47,13.9726,1.5145,0.0,0.0,0.0,12.4581,3.7966,0.0753,9.44,0.014113707434165996,0,4,,1.9969,43,0,,0,340,1,0,408,37.685,275,133,2.0677,17.0015,5.634263097000001,5.6327159605,5.7345209425000006,4.0902,33.1398,33.1307,33.7295,840,148,2,2.1334,2.4205,0.9781,0.214,990.0,21453300707.5045,368422391.5725,88633998.2699,816633976931.6234,1.9992,63.8073,148,0,0.0,0,0.0,0,0.0,0,0.0,1995.0,2444.992574703029,0.0,100.0,96.6953,1.28883,2.01586,Travis,delta-wye
15,p1uhs20_1247--p1udt16446,p1udt16446-p1uhs20_1247x,p1uhs20_1247,13.7177,4.6229,2.0386,0.0,0.0,9.0948,2.8033,15.6554,0.0118,3.2828,12.47,17.2103,0.0373,0.0,0.0,0.0,17.173,1.7298,0.07400000000000001,5.5929,0.014862072627295244,0,2,,1.7734,41,0,,0,570,1,0,342,17.875,339,3,113.0,7.3904,2.3785337263999997,2.5701889696,2.441677304,1.5201,32.1841,34.7774,33.0385,1154,4,0,0.0,3.3761,0.9796,0.6505,1158.0,47136840135.7262,300828037.488,61877636.4142,727608823338.6053,1.9993,72.5815,194,0,0.0,0,0.0,0,0.0,0,0.0,1998.0,95.00302857306959,0.0,100.0,98.9286,0.204082,0.867347,Travis,delta-wye
16,p1uhs1_1247--p1udt10929,p1udt10929-p1uhs1_1247x,p1uhs1_1247,6.0105,3.8667,3.2637,0.0,0.0,2.1438,0.2467,33.5505,0.0162,2.0877,12.47,4.4525,0.1787,0.0,0.0,0.0,4.2738,0.1152,0.073,1.101,0.012033714061143423,0,0,,,8,0,,0,176,1,0,103,12.025,90,13,6.9231,4.7453,1.5720894182,1.6411525143999999,1.5320580674000002,1.2986,33.1294,34.5848,32.2858,356,14,0,0.0,3.5922,0.9786,0.2923,370.0,22751991821.3,291797106.08599997,79855186.9168,739439734192.2498,1.9977,44.3248,112,0,0.0,0,0.0,0,0.0,0,0.0,1998.0,164.19089066141373,0.0,100.0,96.5184,0.193424,3.2882,Travis,delta-wye
17,p1uhs1_1247--p1udt14149,p1udt14149-p1uhs1_1247x,p1uhs1_1247,11.1754,4.9964,2.0449,0.0,0.0,6.1791,1.136,11.8248,0.0103,2.4396,12.47,15.7249,0.2447,0.0,0.0,0.0,15.4801,1.4059,0.0689,5.2264,0.014519718068267882,0,1,,1.8014,36,0,,0,568,1,0,349,20.2,327,22,14.8636,8.0624,2.7406355072000004,2.6227632192,2.6990012736,1.7571,33.9928,32.5308,33.4764,1060,23,0,0.0,3.1032,0.9796,0.5537,1083.0,48339160639.6063,359859382.6444,78427551.669,901616846648.2428,1.9993,95.0623,237,0,0.0,0,0.0,0,0.0,0,0.0,1991.0,226.10608464070927,0.0,100.0,99.0089,0.346878,0.644202,Travis,delta-wye
18,p1uhs8_1247--p1udt2544,p1udt2544-p1uhs8_1247x,p1uhs8_1247,18.4431,10.7747,6.9144,0.0,0.0,7.6683,2.1662,25.814,0.0167,2.1455,12.47,16.7338,0.6912,0.0,0.0,0.0,16.0426,1.5075,0.0817,4.2855,0.015116341297609269,0,1,,1.186,40,0,,0,623,3,0,398,23.825,345,53,6.5094,10.3202,3.4194744276,3.4238089116,3.4769166607999997,2.2972,33.1338,33.1758,33.6904,1050,56,1,0.9501,2.7744,0.977,0.40700000000000003,1107.0,44921220867.285995,418785982.8006,93217337.936,966800440075.0548,1.9994,80.821,234,0,0.0,0,0.0,0,0.0,0,0.0,1992.0,132.67861177318315,0.0,100.0,88.1967,4.65574,7.1475399999999985,Travis,delta-wye
19,p1uhs8_1247--p1udt22258,p1udt22258-p1uhs8_1247x,p1uhs8_1247,22.154,15.0803,11.8985,0.0,0.0,7.0737,2.6994,34.8463,0.0182,2.5483,12.47,19.7381,1.7069999999999999,0.0,0.0,0.0,18.0311,5.3697,0.106,12.818,0.016258767149581417,0,2,,1.5471,60,0,,0,482,0,0,517,34.025,412,105,3.9238,13.0071,4.2404966994,4.387021680899998,4.3795686126,3.0639,32.6014,33.7279,33.6706,1090,124,0,0.0,2.3482,0.9763,0.3743,1214.0,35517492665.1363,380542698.3387,89638757.6633,995455261887.3612,1.9994,64.2741,174,0,0.0,0,0.0,0,0.0,0,0.0,1993.0,1194.9120583617535,0.0,100.0,92.9372,1.93548,5.1273300000000015,Travis,delta-wye
20,p1uhs20_1247--p1udt10621,p1udt10621-p1uhs20_1247x,p1uhs20_1247,22.6559,8.1999,4.1195,0.0,0.0,14.4561,5.1624,19.6798,0.0132,4.0636,12.47,24.5085,0.3938,0.0,0.0,0.0,24.1147,4.0756,0.0812,8.6413,0.014249109021416784,0,1,,3.1639,54,0,,0,834,3,1,558,30.95,538,20,26.9,12.3768,4.358391105599999,3.9430256976,4.0753831968,2.5534,35.2142,31.8582,32.9276,1694,26,0,0.0,3.088,0.9795,0.5705,1720.0,41986272238.7089,302126458.7551,62330783.1726,755508794062.8116,2.0,81.9818,265,0,0.0,0,0.0,0,0.0,0,0.0,1998.0,137.60559303307852,0.0,100.0,98.4984,0.543131,0.958466,Travis,delta-wye
21,p1uhs21_1247--p1udt11662,p1udt11662-p1uhs21_1247x,p1uhs21_1247,16.9259,4.8852,1.6484,0.0,0.0,12.0407,6.2142,23.6795,0.0166,4.2025,12.47,16.2783,0.4748,0.0,0.0,0.0,15.8035,3.1096,0.1288,9.3651,0.015943495413542456,0,2,,2.8081,35,0,,0,545,0,0,356,17.775,338,18,18.7778,7.0532,2.4327826908000003,2.2854907152,2.334926594000001,1.4723,34.4919,32.4036,33.1045,999,22,0,0.0,2.852,0.9786,0.5935,1021.0,25047360032.9501,173030655.9264,36119459.1343,436059573541.3199,1.9993,82.71700000000001,234,0,0.0,0,0.0,0,0.0,0,0.0,1999.0,164.1796205928477,0.0,100.0,96.1476,1.19371,2.65871,Travis,delta-wye
22,p1uhs21_1247--p1udt16206,p1udt16206-p1uhs21_1247x,p1uhs21_1247,9.2342,4.4522,3.6514,0.0,0.0,4.782,1.9144,33.9064,0.0196,3.7862,12.47,7.181,0.0985,0.0,0.0,0.0,7.0825,2.195,0.0766,13.372,0.015246301757805343,0,1,,3.3574,29,0,,0,246,1,0,200,9.8,189,11,17.1818,3.8036,1.2411413052,1.2679528815999999,1.2945020096,0.7787,32.6307,33.3356,34.0336,460,11,0,0.0,2.355,0.9790000000000001,0.5714,471.0,16172686570.8878,130603813.5737,26737951.0243,336501758799.7894,1.9985,58.8539,158,0,0.0,0,0.0,0,0.0,0,0.0,2001.0,112.92861822288953,0.0,100.0,97.0845,1.45773,1.45773,Travis,delta-wye
23,p1uhs21_1247--p1udt20780,p1udt20780-p1uhs21_1247x,p1uhs21_1247,29.6991,11.6827,8.5094,0.0,0.0,18.0164,10.4213,34.67,0.0199,3.8139,12.47,24.9036,0.1449,0.0,0.0,0.0,24.7588,8.591000000000001,0.0769,15.7336,0.016646810750496368,0,3,,2.0589,55,0,,0,704,2,1,600,28.275,590,10,59.0,10.9071,3.6092357397,3.6220188609,3.6758453994,2.2384,33.0907,33.2079,33.7014,1485,11,0,0.0,2.5017,0.9795,0.6213,1496.0,31282376688.1651,228075479.2327,46807160.7701,591249465814.0784,2.0,91.4166,289,0,0.0,0,0.0,0,0.0,0,0.0,2001.0,110.00111739517887,0.0,100.0,98.7037,0.524691,0.771605,Travis,delta-wye
24,p1uhs16_1247--p1udt7988,p1udt7988-p1uhs16_1247x,p1uhs16_1247,12.2598,3.9146,0.6324,0.0,0.0,8.3452,4.6821,22.4679,0.019,4.9525,12.47,11.3942,0.068,0.0,0.0,0.0,11.3262,3.3469,0.0758,14.1496,0.017692826742100137,0,0,,,24,0,,0,342,0,0,252,10.8,250,2,125.0,4.1173,1.1964009167,1.5620377431999999,1.3588613400999998,0.8466,29.0579,37.9384,33.0037,641,3,0,0.0,2.5556,0.9788,0.6533,644.0,17047753338.8349,108990501.3051,22410407.9528,285894000092.2628,1.9989,77.8597,203,0,0.0,0,0.0,0,0.0,0,0.0,2000.0,113.20011757069952,0.0,100.0,97.4769,0.336417,2.18671,Travis,delta-wye
25,p1uhs20_1247--p1udt1456,p1udt1456-p1uhs20_1247x,p1uhs20_1247,19.4413,7.6653,5.6231,0.0,0.0,11.7761,5.1405,28.9455,0.0164,4.198,12.47,17.7447,0.2248,0.0,0.0,0.0,17.5199,4.0062,0.1021,10.7734,0.015012471164289656,0,2,,2.2391,43,0,,0,524,1,0,400,20.825,381,19,20.0526,8.3205,2.7831323655,2.7776408355,2.759726799,1.7309999999999999,33.4491,33.3831,33.1678,1162,20,0,0.0,2.955,0.9798,0.5876,1182.0,36431176983.6862,256449994.9288,53350922.8527,641860626637.2788,1.9994,87.2374,206,0,0.0,0,0.0,0,0.0,0,0.0,2002.0,129.46170749746412,0.0,100.0,98.8444,0.755556,0.4,Travis,delta-wye
26,p1uhs12_1247--p1udt23696,p1udt23696-p1uhs12_1247x,p1uhs12_1247,6.8184,3.3434,2.2843,0.0,0.0,3.4751,0.1929,17.4063,0.0141,3.2483,12.47,7.4132,0.0424,0.0,0.0,0.0,7.3708,0.2441,0.0704,1.7154,0.015316605734550943,0,0,,,11,0,,0,306,0,0,159,8.3,158,1,158.0,3.3359,1.1674615870999998,0.986358912,1.1820795009,0.6832,34.9969,29.568,35.4351,483,1,0,0.0,3.0439999999999996,0.9798,0.6584,484.0,14286588560.648,98468937.0129,20165881.359,244997283168.137,1.9985,56.1529,148,0,0.0,0,0.0,0,0.0,0,0.0,2005.0,108.16471835792773,0.0,100.0,99.7159,0.0,0.284091,Travis,delta-wye
27,p1uhs12_1247--p1udt11164,p1udt11164-p1uhs12_1247x,p1uhs12_1247,11.565999999999999,5.0757,3.9633,0.0,0.0,6.4903,4.3176,39.3054,0.0192,4.1236,12.47,9.5022,0.156,0.0,0.0,0.0,9.3461,4.7086,0.0787,22.3493,0.01575814334764349,0,1,,3.6689,27,0,,0,204,1,0,254,11.725,244,10,24.4,4.4356,1.4737680203999999,1.4597648312000002,1.5020671484,0.9062,33.2259,32.9102,33.8639,593,10,0,0.0,2.374,0.9795,0.5522,603.0,18462847095.7433,135809544.283,27746862.2374,358999804639.4534,1.9988,57.3014,182,0,0.0,0,0.0,0,0.0,0,0.0,2001.0,221.2253035879589,0.0,100.0,97.5524,1.57343,0.8741260000000001,Travis,delta-wye
28,p1uhs20_1247--p1udt2578,p1udt2578-p1uhs20_1247x,p1uhs20_1247,12.4788,2.8435,0.6378,0.0,0.0,9.6353,1.2455,6.0301,0.0088,1.9656,12.47,18.7533,0.0,0.0,0.0,0.0,18.7533,0.9182,0.0655,2.94,0.013272008320685143,0,1,,1.3835,40,0,,0,742,0,0,415,21.175,415,0,0.0,8.8413,2.7610672596,3.0960110687999998,2.9842216716000003,1.7957,31.2292,35.0176,33.7532,1413,0,0,0.0,3.4048,0.98,0.6667,1413.0,73233038034.2025,458228831.0387,93066580.5425,1097459009465.1342,1.9995,84.7005,212,0,0.0,0,0.0,0,0.0,0,0.0,1999.0,95.89244265729087,0.0,100.0,99.917,0.041511,0.041511,Travis,delta-wye
29,p1uhs8_1247--p1udt4671,p1udt4671-p1uhs8_1247x,p1uhs8_1247,15.0601,8.149,6.5714,0.0,0.0,6.9111,2.2673,31.1382,0.0192,2.5021,12.47,13.3254,1.0096,0.0,0.0,0.0,12.3158,2.6260000000000003,0.0709,9.2512,0.01701840918208738,0,2,,1.6444,29,0,,0,428,1,0,347,21.725,275,72,3.8194,9.697000000000001,3.3565680649999994,3.169803845,3.17062809,2.0554,34.6145,32.6885,32.696999999999996,700,82,1,1.3994,2.25,0.9790000000000001,0.3152,783.0,30817039803.9147,381650037.9086,80895119.5619,855044942196.7377,1.9991,58.8898,186,0,0.0,0,0.0,0,0.0,0,0.0,1991.0,1031.032199456184,0.0,100.0,95.494,3.09446,1.41151,Travis,delta-wye
30,p1uhs12_1247--p1udt8950,p1udt8950-p1uhs12_1247x,p1uhs12_1247,11.8228,5.9351,4.2267,0.0,0.0,5.8878,1.0239,21.2295,0.0152,2.7635,12.47,12.9099,0.4166,0.0,0.0,0.0,12.4933,1.7621,0.0693,7.1246,0.01663652265472933,0,0,,,27,0,,0,444,0,0,296,16.85,263,33,7.9697,6.537999999999999,2.1470072819999997,2.3033504760000003,2.0876422420000003,1.3454,32.8389,35.2302,31.9309,743,33,0,0.0,2.6216,0.9792,0.5178,776.0,33739216945.5282,284262673.1824,58497710.5045,732610574139.3688,1.9991,86.2508,256,0,0.0,0,0.0,0,0.0,0,0.0,1989.0,139.6376408894568,0.0,100.0,96.065,2.62336,1.31168,Travis,delta-wye
31,p1uhs12_1247--p1udt23867,p1udt23867-p1uhs12_1247x,p1uhs12_1247,23.6462,11.2501,7.5506,0.0,0.0,12.3961,5.0075,28.0992,0.0185,3.0192,12.47,21.0458,0.5567,0.0,0.0,0.0,20.4891,4.3724,0.0964,9.7835,0.01648067713169051,0,4,,1.636,60,0,,0,708,1,0,517,28.395,464,53,8.7547,14.3337,4.762472160900001,4.8137724732,4.7574696996000005,2.9642,33.2257,33.5836,33.1908,1214,60,3,3.3847,2.4653,0.9786,0.3772,1277.0,30341394243.7643,340568177.2832,70429920.7115,674662403720.9745,1.9995,80.0439,193,0,0.0,0,0.0,0,0.0,0,0.0,1993.0,733.0380723744754,0.0,100.0,94.6706,3.18283,2.14656,Travis,delta-wye
32,p1uhs16_1247--p1udt22164,p1udt22164-p1uhs16_1247x,p1uhs16_1247,16.141,9.5844,7.2888,0.0,0.0,6.5566,3.4957,44.5524,0.0301,4.2565,12.47,8.0654,0.1885,0.0,0.0,0.0,7.8768,1.4397,0.0722,5.9478,0.01501931730138099,0,2,,1.8916,27,0,,0,280,1,0,198,13.585,176,22,8.0,7.8229,2.8651840624,2.4198967715,2.5378191661000002,1.6024,36.6256,30.9335,32.4409,513,22,2,2.7905,2.6716,0.9789,0.2875,537.0,10900280594.0979,158793734.0496,32526479.3299,275754770709.1635,1.9987,56.6107,138,0,0.0,0,0.0,0,0.0,0,0.0,2001.0,337.71355831396306,0.0,100.0,95.5323,2.6616,1.80608,Travis,delta-wye
33,p1uhs16_1247--p1udt11006,p1udt11006-p1uhs16_1247x,p1uhs16_1247,25.4359,11.0975,8.0676,0.0,0.0,14.3384,7.7693,35.8616,0.0213,5.1917,12.47,18.7254,0.1278,0.0,0.0,0.0,18.5976,6.1973,0.0684,14.0332,0.01568288081335251,0,2,,3.4998,34,0,,0,575,3,1,454,21.285,447,7,63.8571,8.3837,2.8347553299,2.7733028089,2.7756334775,1.7244,33.8127,33.0797,33.1075,1187,7,0,0.0,2.6416,0.9793,0.6358,1194.0,24062480178.5583,168954962.1672,34752303.568,428953007203.1922,2.0,76.4877,203,0,0.0,0,0.0,0,0.0,0,0.0,2006.0,132.0351605805576,0.0,100.0,98.3144,0.548804,1.13681,Travis,delta-wye
34,p1uhs16_1247--p1udt16473,p1udt16473-p1uhs16_1247x,p1uhs16_1247,16.6787,4.3464,1.4945,0.0,0.0,12.3322,6.4722,25.3615,0.0161,3.7406,12.47,14.7339,0.1121,0.0,0.0,0.0,14.6218,2.4572,0.0625,7.8222,0.014208199868612974,0,2,,1.6489,33,0,,0,589,0,0,373,17.275,370,3,123.3333,6.8005,2.2693336505,2.2632948065000003,2.2678647425000005,1.3839,33.3701,33.2813,33.3485,1033,4,0,0.0,2.7802,0.9798,0.6573,1037.0,31107834071.6789,203999841.7935,41514852.3463,518213918600.0505,1.9993,90.6155,244,0,0.0,0,0.0,0,0.0,0,0.0,2005.0,127.09077322916599,0.0,100.0,99.0872,0.507099,0.40568,Travis,delta-wye
35,p1uhs0_1247--p1udt22170,p1udt22170-p1uhs0_1247x,p1uhs0_1247,7.8084,2.3278,0.8521,0.0,0.0,5.4806,0.9033,8.856,0.0101,2.2172,12.47,12.0127,0.0737,0.0,0.0,0.0,11.9389,0.8797,0.0614,4.4381,0.015480232858746647,0,0,,,24,0,,0,439,0,0,244,13.1,239,5,47.8,6.1817,2.0589140921999998,2.0634452783,2.0593344478,1.2583,33.3066,33.3799,33.3134,770,5,1,0.9022,3.1673,0.98,0.5413,776.0,42147126828.4941,335745950.7577,68339910.1427,711504331769.6841,1.9991,77.6209,199,0,0.0,0,0.0,0,0.0,0,0.0,1983.0,223.4724675921057,0.0,100.0,99.1132,0.818554,0.0682128,Travis,delta-wye
36,p1uhs0_1247--p1udt12703,p1udt12703-p1uhs0_1247x,p1uhs0_1247,25.1368,11.854000000000001,7.4117,0.0,0.0,13.2828,1.7775,17.1613,0.0134,6.9061,12.47,28.4092,0.4396,0.0,0.0,0.0,27.9696,2.1011,0.0823,3.924,0.015175843212949854,0,3,,3.5603,61,0,,0,1066,16,0,667,39.775,607,60,10.1167,16.4981,5.578486054900002,5.461168065800001,5.458445879299999,3.3605,33.8129,33.1018,33.0853,1819,52,1,1.3898,2.9114,0.9799,0.4732,1872.0,55048781116.7043,485149155.0009,98818855.4738,1169639566729.1155,1.9996,144.4691,392,0,0.0,0,0.0,0,0.0,0,0.0,1984.0,775.1381791644667,0.0,100.0,99.1192,0.7772020000000001,0.103627,Travis,delta-wye
37,p1uhs2_1247--p1udt9621,p1udt9621-p1uhs2_1247x,p1uhs2_1247,13.8972,7.0479,4.5803,0.0,0.0,6.8492,0.8698,17.4304,0.011000000000000001,2.0312,12.47,17.3707,0.8382,0.0,0.0,0.0,16.5325,0.8827,0.0696,2.8232,0.013775311179181602,0,3,,1.2589,33,0,,0,648,1,0,423,27.65,357,66,5.4091,10.8152,3.6082535456000007,3.6047710512,3.6021754032000017,2.332,33.3628,33.3306,33.3066,1180,81,0,0.0,2.9811,0.9794,0.462,1261.0,61528060411.0331,527707087.2726,113786675.1951,1349128366665.3926,1.9994,96.7319,220,0,0.0,0,0.0,0,0.0,0,0.0,1987.0,944.1107072476927,0.0,100.0,98.499,0.6004,0.9006,Travis,delta-wye
38,p1uhs6_1247--p1udt322,p1udt322-p1uhs6_1247x,p1uhs6_1247,25.3461,14.3888,9.7347,0.0,0.0,10.9573,3.5042,26.1414,0.0157,3.0209,12.47,25.2971,0.9625,0.0,0.0,0.0,24.3346,4.821000000000001,0.0872,9.5195,0.015625143135966257,0,4,,1.5582,64,0,,0,805,1,0,634,36.4,543,91,5.9670000000000005,14.574000000000002,4.83747495,4.82945925,4.907065800000002,3.0103,33.1925,33.1375,33.67,1517,102,0,0.0,2.5536,0.9798,0.4689,1619.0,44407212951.1938,399745956.8444,82568498.5915,998407999643.8828,1.9996,106.1479,274,0,0.0,0,0.0,0,0.0,0,0.0,1988.0,1532.6397722018976,0.0,100.0,98.959,0.753045,0.287929,Travis,delta-wye
39,p1uhs2_1247--p1udt18962,p1udt18962-p1uhs2_1247x,p1uhs2_1247,11.1334,6.9845,4.7724,0.0,0.0,4.1489,1.0784,28.1288,0.0163,2.7976,12.47,9.6667,0.7474,0.0,0.0,0.0,8.9193,1.5008,0.0675,7.2151,0.014111953787533863,0,1,,2.7279,30,0,,0,323,0,0,287,18.825,230,57,4.0351,8.4689,2.8908759528,2.8050267135,2.7729973337,1.7982,34.1352,33.1215,32.7433,612,72,1,1.3924,2.3785,0.9783,0.3538,685.0,25928777179.2939,320565266.0795,68064152.6376,712568219562.3488,1.9989,58.8398,148,0,0.0,0,0.0,0,0.0,0,0.0,1998.0,1088.5243874151492,0.0,100.0,91.5362,6.2029,2.26087,Travis,delta-wye
40,p1uhs6_1247--p1udt14764,p1udt14764-p1uhs6_1247x,p1uhs6_1247,10.4294,5.586,2.7252,0.0,0.0,4.8434,0.3643,14.110999999999999,0.0129,2.3364,12.47,11.4651,0.3876,0.0,0.0,0.0,11.0775,0.3526,0.1049,1.6106,0.014171905188060668,0,1,,1.6277,24,0,,0,456,0,0,263,17.4,234,29,8.068999999999999,8.0388,2.6977810860000004,2.6623380168,2.6786889360000004,1.6358,33.5595,33.1186,33.321999999999996,770,38,1,1.2436,3.0644,0.9798,0.4035,809.0,39299353913.8533,390505805.3649,79461108.5613,845251864154.5709,1.9991,69.7838,179,0,0.0,0,0.0,0,0.0,0,0.0,1992.0,291.90033956012144,0.0,100.0,98.0653,1.57195,0.362757,Travis,delta-wye
41,p1uhs2_1247--p1udt18369,p1udt18369-p1uhs2_1247x,p1uhs2_1247,17.804000000000002,13.4988,13.0832,0.0,0.0,4.3052,2.3992,57.5948,0.028999999999999998,2.5342,12.47,9.0777,1.5533,0.0,0.0,0.0,7.5244,3.3099,0.0752,12.312999999999999,0.014808674326306356,0,2,,1.7532,27,0,,0,173,1,0,321,26.65,200,121,1.6529,10.9553,3.6588730045999998,3.6482025424,3.6482354083,2.3907,33.3982,33.3008,33.3011,468,144,1,0.8233,1.9037,0.976,0.1943,613.0,17444802953.5277,311765881.6597,68033460.3645,758407828240.6393,1.9988,40.0686,122,0,0.0,0,0.0,0,0.0,0,0.0,1996.0,3610.1856945132613,0.0,100.0,93.2438,3.55591,3.20032,Travis,delta-wye
42,p1uhs2_1247--p1udt18580,p1udt18580-p1uhs2_1247x,p1uhs2_1247,2.3823,1.6837,1.1835,0.0,0.0,0.6986,0.0431,26.5317,0.0189,0.6702,12.47,2.2407,0.4216,0.0,0.0,0.0,1.819,0.1851,0.0617,4.0046,0.0177831121231473,0,0,,,4,0,,0,76,1,0,76,4.825,45,31,1.4516,1.8135,0.6133637835,0.6007128074999999,0.599423409,0.4347,33.8221,33.1245,33.0534,84,42,0,0.0,1.6579,0.9631,0.2285,126.0,16021084691.8698,230591449.5914,55271359.6645,613505822525.9655,1.9952,23.5787,69,0,0.0,0,0.0,0,0.0,0,0.0,1985.0,1795.5449238864664,0.0,100.0,86.6779,1.34907,11.973,Travis,delta-wye
43,p1uhs9_1247--p1udt387,p1udt387-p1uhs9_1247x,p1uhs9_1247,8.4217,4.41,2.5087,0.0,0.0,4.0117,1.2814,22.951999999999998,0.0113,3.3499,12.47,8.0913,0.0456,0.0,0.0,0.0,8.0457,0.9603,0.0735,5.8154,0.010817289372466005,0,1,,2.7560000000000002,18,0,,0,288,0,0,170,9.725,168,2,84.0,4.0848,1.3573504464,1.3795104863999998,1.3479390672000002,0.8296,33.2293,33.7718,32.9989,746,2,0,0.0,4.4,0.98,0.6559,748.0,24664614893.3294,134691904.0719,27354237.8341,320672967697.3652,1.9989,70.9111,177,0,0.0,0,0.0,0,0.0,0,0.0,1998.0,37.75550172820041,0.0,100.0,99.422,0.462428,0.115607,Travis,delta-wye
44,p1uhs9_1247--p1udt20362,p1udt20362-p1uhs9_1247x,p1uhs9_1247,3.3998,2.476,2.3028,0.0,0.0,0.9238,0.0,42.2344,0.0217,2.6871,12.47,2.0526,0.0739,0.0,0.0,0.0,1.9787,0.0,0.0416,0.0,0.01307401482355624,0,0,,,4,0,,0,90,0,0,47,2.325,45,2,22.5,2.5834,0.8572702891999999,0.8483394754000001,0.8777902354000001,0.7244,33.1838,32.8381,33.9781,154,2,1,1.5912,3.2708,0.9798,0.2377,157.0,6444095868.4306,106034515.0208,29734746.744000003,95430082128.0321,1.9951,32.2533,79,0,0.0,0,0.0,0,0.0,0,0.0,1997.0,82.82942688271694,0.0,100.0,98.7288,0.847458,0.423729,Travis,delta-wye
45,p1uhs15_1247--p1udt17622,p1udt17622-p1uhs15_1247x,p1uhs15_1247,15.833,9.7613,7.4349,0.0,0.0,6.0716,1.8702,30.26,0.0148,2.2372,12.47,14.9174,0.6272,0.0,0.0,0.0,14.2902,3.1689,0.0799,10.3052,0.013902496033571864,0,2,,1.28,39,0,,0,486,1,0,383,33.725,325,58,5.6034,12.7964,4.292488398,4.2485967460000005,4.255314856,3.1756,33.5445,33.2015,33.254,1008,65,0,0.0,2.8016,0.9785,0.3464,1073.0,44553277159.3456,531335680.5632,131859174.8861,1400334829635.536,1.9993,70.7094,198,0,0.0,0,0.0,0,0.0,0,0.0,1980.0,346.71504247831115,0.0,100.0,96.3146,1.21348,2.47191,Travis,delta-wye
46,p1uhs15_1247--p1udt9658,p1udt9658-p1uhs15_1247x,p1uhs15_1247,18.6508,11.2734,10.5754,0.0,0.0,7.3773,2.2511,38.2709,0.0176,2.6777,12.47,14.8642,1.2475,0.0,0.0,0.0,13.6167,4.2311,0.0797,12.6245,0.013996408320764831,0,3,,1.482,38,0,,0,425,1,0,493,33.45,351,142,2.4718,13.0999,4.3036577474,4.4918771106,4.304365142,2.7914,32.8526,34.2894,32.858000000000004,907,155,0,0.0,2.1542,0.9796,0.3369,1062.0,43733377311.4907,539456032.6158,114951825.4088,1377477844698.078,1.9993,51.8712,165,0,0.0,0,0.0,0,0.0,0,0.0,1987.0,2856.0389881668793,0.0,100.0,99.0972,0.593965,0.308862,Travis,delta-wye
47,p1uhs11_1247--p1udt25287,p1udt25287-p1uhs11_1247x,p1uhs11_1247,11.5014,10.7542,9.0357,0.0,0.0,0.7473,0.7429,73.0839,0.1027,2.7986,12.47,1.8786,0.6315,0.0,0.0,0.0,1.247,0.3597,0.0782,2.6883,0.01677277924978001,0,2,,2.0585,7,0,,0,57,2,0,89,16.1,32,57,0.5614,7.9867,2.6582293344,2.6580376536,2.6704250253,2.1011,33.2832,33.2808,33.4359,50,60,2,2.2167,1.2444,0.9604,0.0275,112.0,5032973564.6387,358899423.8713,94417974.0444,723489949916.8114,1.9948,22.46,52,0,0.0,0,0.0,0,0.0,0,0.0,2005.0,35180.7413922309,0.0,100.0,82.2076,5.76606,12.0264,Travis,delta-wye
48,p1uhs11_1247--p1udt22445,p1udt22445-p1uhs11_1247x,p1uhs11_1247,7.3069,6.9972,5.0602,0.0,0.0,0.3098,0.3079,55.3676,0.0609,1.462,12.47,2.3884,1.2121,0.0,0.0,0.0,1.1763,0.5653,0.1024,5.8301,0.01990329678239284,0,0,,,3,0,,0,71,3,0,92,15.225,36,56,0.6429,7.5444,2.5104443664,2.5165326972,2.5174229364,2.4005,33.2756,33.3563,33.3681,50,68,2,1.9911,1.2903,0.9553,0.0407,120.0,5704117298.1571,358615716.9172,114106801.7106,723709882203.6798,1.9951,23.1965,68,0,0.0,0,0.0,0,0.0,0,0.0,1977.0,2121.36185156993,0.0,100.0,0.0,17.5,82.5,Travis,delta-wye
49,p1uhs4_1247--p1udt7282,p1udt7282-p1uhs4_1247x,p1uhs4_1247,7.2224,4.7865,3.6922,0.0,0.0,2.4359,0.9683,33.7366,0.018000000000000002,1.6119,12.47,6.5921,0.9645,0.0,0.0,0.0,5.6276,1.629,0.0757,11.7922,0.016398287356682594,0,2,,1.0856,19,0,,0,210,0,0,186,19.875,138,48,2.875,9.1954,3.0269141858,3.011171661,3.1573141532,2.5683,32.9177,32.7465,34.3358,344,57,1,1.6880000000000002,2.1497,0.9732,0.1982,402.0,22316918857.9079,510480840.6128,142576416.3081,1103355130101.7886,1.9983,47.3946,120,0,0.0,0,0.0,0,0.0,0,0.0,1978.0,203.3379905133392,0.0,100.0,90.3863,1.43756,8.1761,Travis,delta-wye
50,p1uhs15_1247--p1udt2795,p1udt2795-p1uhs15_1247x,p1uhs15_1247,8.381,2.3205,1.1482,0.0,0.0,6.0605,1.5271,13.8556,0.0119,1.3818,12.47,10.9273,0.0364,0.0,0.0,0.0,10.890999999999998,1.8142,0.0789,9.396,0.015455902600741547,0,0,,,25,0,,0,376,0,0,246,12.075,240,6,40.0,4.7799,1.5913529874,1.5656323455,1.6229146671,0.9946,33.2926,32.7545,33.9529,701,6,0,0.0,2.8739999999999997,0.9794,0.6158,707.0,47482649264.6466,321024880.2705,66797553.877,810966039420.9463,1.999,62.4658,174,0,0.0,0,0.0,0,0.0,0,0.0,1979.0,146.37409183022916,0.0,100.0,98.8133,0.158228,1.0284799999999998,Travis,delta-wye
51,p1uhs4_1247--p1udt21090,p1udt21090-p1uhs4_1247x,p1uhs4_1247,18.7953,10.5218,7.9017,0.0,0.0,8.2735,3.7251,30.701,0.0137,2.2036,12.47,19.0756,1.3769999999999998,0.0,0.0,0.0,17.6986,6.132000000000001,0.07,16.1919,0.013923798997612305,0,1,,1.5041,73,0,,0,538,1,0,581,34.9,492,89,5.5281,14.365,4.788386005,4.789449015,4.787164980000001,2.9422,33.3337,33.3411,33.3252,1252,117,1,0.9898,2.354,0.9797,0.4601,1370.0,64182318080.9797,672978840.2601,137836155.1188,1635009416807.433,1.9995,77.36,216,0,0.0,0,0.0,0,0.0,0,0.0,1975.0,814.0511414603856,0.0,100.0,98.3561,1.32365,0.320239,Travis,delta-wye
52,p1uhs7_1247--p1udt14301,p1udt14301-p1uhs7_1247x,p1uhs7_1247,12.3671,7.2026,4.3104,0.0,0.0,5.1645,0.9229999999999999,19.5028,0.0137,2.0053,12.47,14.467,1.499,0.0,0.0,0.0,12.968,1.4428,0.0817,5.3767,0.016038811333073427,0,1,,1.2637,35,0,,0,521,0,0,379,24.875,286,93,3.0753,9.7703,3.2264266283999996,3.2302565860000003,3.3136070152999997,2.0955,33.0228,33.062,33.9151,793,109,0,0.0,2.3799,0.9768,0.3792,902.0,41304699709.5945,447405802.9337,95957165.1872,1139084706514.5923,1.9992,98.1845,253,0,0.0,0,0.0,0,0.0,0,0.0,1978.0,597.718277795753,0.0,100.0,93.4146,2.72358,3.86179,Travis,delta-wye
53,p1uhs7_1247--p1udt1702,p1udt1702-p1uhs7_1247x,p1uhs7_1247,18.3047,8.8089,5.5778,0.0,0.0,9.4959,1.7434,19.3311,0.0153,1.899,12.47,19.5678,1.0986,0.0,0.0,0.0,18.4692,3.4517,0.0818,9.113999999999999,0.016388431388655277,0,2,,0.9832,58,0,,0,788,2,0,553,28.575,478,75,6.3733,12.9936,4.4016079872,4.3349768064,4.2570282000000015,2.7785,33.8752,33.3624,32.7625,1111,81,2,1.915,2.1552,0.9776,0.3953,1194.0,43968713152.434,478487035.39699996,102318408.1912,1052266313509.8763,1.9995,93.9048,260,0,0.0,0,0.0,0,0.0,0,0.0,1973.0,364.5525182447844,0.0,100.0,91.8559,4.385280000000002,3.75881,Travis,delta-wye
54,p1uhs9_1247--p1udt21523,p1udt21523-p1uhs9_1247x,p1uhs9_1247,16.6558,8.474,7.2086,0.0,0.0,8.1818,2.653,30.5298,0.015,3.6966,12.47,15.6458,0.3651,0.0,0.0,0.0,15.2807,2.8510000000000004,0.0744,8.8263,0.014095358332590343,0,4,,1.5888,29,0,,0,493,1,0,346,20.925,318,28,11.3571,8.4482,2.7496947914,2.9447299366000004,2.7537668238,1.7951,32.5477,34.8563,32.5959,1074,36,0,0.0,3.2081,0.9795,0.5199,1110.0,24993071670.3053,190221013.11,40419429.7738,471153175406.4315,1.9993,61.6277,165,0,0.0,0,0.0,0,0.0,0,0.0,1997.0,275.7019725524762,0.0,100.0,98.1914,0.970446,0.8381120000000001,Travis,delta-wye
55,p1uhs9_1247--p1udt22325,p1udt22325-p1uhs9_1247x,p1uhs9_1247,9.552,3.0317,2.6046,0.0,0.0,6.5203,3.5183,35.7529,0.0182,2.8031,12.47,7.5736,0.1448,0.0,0.0,0.0,7.4289,1.1852,0.0701,6.9204,0.014425952768153434,0,1,,1.092,16,0,,0,243,5,1,188,10.65,168,20,8.4,4.2899,1.4084814175000002,1.5053516493999999,1.376071223,0.8722,32.8325,35.0906,32.077,503,22,0,0.0,2.7926,0.9799,0.5056,525.0,22532146144.4467,184114795.7512,37431885.4523,457080678930.2052,2.0,43.6097,113,0,0.0,0,0.0,0,0.0,0,0.0,1990.0,179.84608102620984,0.0,100.0,96.0946,3.6999,0.20555,Travis,delta-wye
56,p1uhs9_1247--p1udt20692,p1udt20692-p1uhs9_1247x,p1uhs9_1247,1.6178,0.6015,0.5778,0.0,0.0,1.0164,0.0,15.5239,0.0103,1.073,12.47,2.104,0.0,0.0,0.0,0.0,2.104,0.0,0.0548,0.0,0.013401568725628796,0,0,,,2,0,,0,87,0,0,44,2.175,44,0,0.0,0.9236,0.42051046200000003,0.0226799216,0.4804096164,0.1876,45.5295,2.4556,52.0149,157,0,0,0.0,3.5682,0.98,0.6667,157.0,15376929871.1204,90462310.9506,18370647.926,213024346940.6802,1.9949,42.2942,120,0,0.0,0,0.0,0,0.0,0,0.0,1987.0,86.37026336849489,0.0,100.0,100.0,0.0,0.0,Travis,delta-wye
57,p1uhs22_1247--p1udt24311,p1udt24311-p1uhs22_1247x,p1uhs22_1247,9.6431,5.5106,3.5364,0.0,0.0,4.1325,0.1967,19.8795,0.018000000000000002,2.2719,12.47,9.1356,0.5601,0.0,0.0,0.0,8.5755,0.7118,0.0793,3.7904,0.01704401080972775,0,1,,1.8053,13,0,,0,327,0,0,229,14.225,188,41,4.5854,5.4546,1.7250172499999998,1.7619285282,1.9676542218000004,1.1278,31.625,32.3017,36.0733,491,45,0,0.0,2.3406,0.9790000000000001,0.39799999999999996,536.0,26974898138.4896,274509563.6471,56757587.7358,715891653022.4158,1.9988,64.7141,176,0,0.0,0,0.0,0,0.0,0,0.0,1970.0,368.40049417433664,0.0,100.0,95.5752,2.97667,1.44811,Travis,delta-wye
58,p1uhs9_1247--p1udt21819,p1udt21819-p1uhs9_1247x,p1uhs9_1247,8.2537,3.0155,1.3227,0.0,0.0,5.2382,1.6498,13.6028,0.0084,2.1066,12.47,13.597999999999999,0.0432,0.0,0.0,0.0,13.5548,2.6628,0.0617,12.1859,0.013861391154838096,0,2,,1.6961,24,0,,0,367,0,0,260,13.675,258,2,129.0,5.9493,1.9295781141,2.0325961929000003,1.987125693,1.208,32.4337,34.1653,33.400999999999996,979,2,0,0.0,3.7731,0.98,0.6355,981.0,55219266191.2584,334880877.1961,67998131.5052,769748690280.7959,1.9991,78.6053,186,0,0.0,0,0.0,0,0.0,0,0.0,1984.0,95.87674135061935,0.0,100.0,99.772,0.227964,0.0,Travis,delta-wye
59,p1uhs13_1247--p1udt3522,p1udt3522-p1uhs13_1247x,p1uhs13_1247,7.8454,4.2162,1.9244,0.0,0.0,3.6292,1.3687,22.5022,0.0155,2.5451,12.47,6.7889,0.4492,0.0,0.0,0.0,6.3397,1.2401,0.0617,8.4737,0.01344338533244614,0,3,,1.7257,26,0,,0,347,0,0,213,13.4,172,41,4.1951,6.1952,2.0415104512,2.166647296,1.9870484480000001,1.27,32.9531,34.973,32.074,456,48,1,0.9795,2.3598,0.9794,0.3994,505.0,30606352053.9391,375469710.8513,76970010.8504,812128945589.6715,1.9987,75.9434,189,0,0.0,0,0.0,0,0.0,0,0.0,1990.0,6519.467938628438,0.0,100.0,37.987,60.2273,1.78571,Travis,delta-wye
60,p1uhs22_1247--p1udt6863,p1udt6863-p1uhs22_1247x,p1uhs22_1247,13.0228,5.3148,2.0619,0.0,0.0,7.707999999999999,1.683,13.8092,0.0147,2.4102,12.47,14.0964,0.397,0.0,0.0,0.0,13.6994,1.9632,0.1066,7.2391,0.015892192892212716,0,1,,1.4958,40,0,,0,580,0,0,357,19.55,332,25,13.28,7.6194,2.5645681296,2.5838680698000003,2.4709638006000003,1.6012,33.6584,33.9117,32.4299,855,32,0,0.0,2.4846,0.9796,0.5305,887.0,35682128122.2861,306510920.7285,64413541.9421,786455022311.9409,1.9992,83.0644,186,0,0.0,0,0.0,0,0.0,0,0.0,1987.0,191.7681535310807,0.0,100.0,98.4021,1.10963,0.488238,Travis,delta-wye
61,p1uhs23_1247--p1udt25139,p1udt25139-p1uhs23_1247x,p1uhs23_1247,21.8633,7.4788,6.9396,0.0,0.0,14.3845,10.3138,45.7871,0.0216,5.6488,12.47,15.8184,0.0053,0.0,0.0,0.0,15.8131,7.3611,0.0755,19.535,0.015600024367386256,0,3,,2.622,33,0,,0,337,0,0,342,15.835,341,1,341.0,6.2075,2.0704185125,2.05619713,2.08087815,1.2698,33.3535,33.1244,33.522,1013,1,0,0.0,2.9649,0.9792,0.6636,1014.0,20625463999.5682,126265107.4703,25829252.9625,322094893918.3071,1.9992,61.073,145,0,0.0,0,0.0,0,0.0,0,0.0,2002.0,113.2470914929567,0.0,100.0,97.8996,0.466744,1.63361,Travis,delta-wye
62,p1uhs18_1247--p1udt6910,p1udt6910-p1uhs18_1247x,p1uhs18_1247,11.3228,2.9176,0.9823,0.0,0.0,8.4052,1.4638,8.7256,0.0092,2.6507,12.47,16.7117,0.0096,0.0,0.0,0.0,16.7021,1.1349,0.0973,4.0482,0.013542737539667593,0,2,,1.9963,33,0,,0,553,0,0,315,16.775,314,1,314.0,7.0394,2.2890932102000003,2.3128159882,2.4374908016,1.4293,32.5183,32.8553,34.6264,1233,1,0,0.0,3.9175,0.98,0.6612,1234.0,62340319677.7627,355620722.0866,72208085.4361,847454507775.0984,1.9994,84.9589,228,0,0.0,0,0.0,0,0.0,0,0.0,1999.0,67.78306581084577,0.0,100.0,99.826,0.174014,0.0,Travis,delta-wye
63,p1uhs12_1247--p1udt8568,p1udt8568-p1uhs12_1247x,p1uhs12_1247,15.3168,5.0923,2.1239,0.0,0.0,10.2245,3.0264,14.8246,0.0124,2.5485,12.47,19.4244,0.218,0.0,0.0,0.0,19.2063,3.8566,0.0867,11.100999999999999,0.015677465874688108,0,2,,1.9308,52,0,,0,642,0,0,450,23.15,437,13,33.6154,9.203,3.0662739459999995,3.053527791,3.083207466,1.8901,33.3182,33.1797,33.5022,1224,15,0,0.0,2.7533,0.9798,0.5946,1239.0,57649744338.5118,428209274.2911,87942712.1973,1077152204549.269,1.9994,86.8094,219,0,0.0,0,0.0,0,0.0,0,0.0,1990.0,92.81368928644163,0.0,100.0,98.7307,0.99167,0.277668,Travis,delta-wye
64,p1uhs12_1247--p1udt14325,p1udt14325-p1uhs12_1247x,p1uhs12_1247,9.8693,4.705,3.1322,0.0,0.0,5.1642,2.129,25.4893,0.0144,2.7565,12.47,10.7716,0.247,0.0,0.0,0.0,10.5246,2.6258,0.0661,12.7212,0.015771029532782834,0,2,,1.7863,26,0,,0,316,0,0,233,13.71,221,12,18.4167,5.4517,1.8397252303,1.7640501826,1.8479245871,1.1135,33.7459,32.3578,33.8963,665,18,0,0.0,2.9313,0.9796,0.5269,683.0,25436863504.7967,203035097.5138,41468147.8824,510599412373.00604,1.9989,66.6661,153,0,0.0,0,0.0,0,0.0,0,0.0,1991.0,336.56384260921936,0.0,100.0,97.8172,1.56889,0.613915,Travis,delta-wye
65,p1uhs18_1247--p1udt15617,p1udt15617-p1uhs18_1247x,p1uhs18_1247,19.117,7.3943,4.1037,0.0,0.0,11.7228,4.6288,22.4711,0.0151,2.8217,12.47,19.7443,0.3279,0.0,0.0,0.0,19.4164,4.6205,0.0799,11.8897,0.015571203289247312,0,2,,2.1769,62,0,,0,671,1,0,495,21.15,480,15,32.0,8.3003,2.8107056881,2.7622319361,2.7273623758000003,1.6904,33.8627,33.2787,32.8586,1245,23,0,0.0,2.5616,0.9799,0.6151,1268.0,35174716999.6912,230252436.4053,46890864.346,586707621879.7051,1.9994,123.4255,298,0,0.0,0,0.0,0,0.0,0,0.0,1999.0,227.57307999565828,0.0,100.0,99.154,0.592217,0.253807,Travis,delta-wye
66,p1uhs18_1247--p1udt20846,p1udt20846-p1uhs18_1247x,p1uhs18_1247,13.8217,3.8746,1.2688,0.0,0.0,9.9471,3.0314,13.2006,0.0112,2.2640000000000002,12.47,18.7541,0.1053,0.0,0.0,0.0,18.6487,2.6312,0.0772,8.077,0.015173180576534075,0,1,,1.7789,39,0,,0,638,0,0,388,20.05,381,7,54.4286,8.1382,2.7139594888,2.7806276232,2.6436128880000003,1.7068,33.3484,34.1676,32.484,1229,7,0,0.0,3.1856,0.9797,0.6048,1236.0,48433134104.33401,318900083.6098,66881678.5811,785666940770.1428,1.9994,91.5485,251,0,0.0,0,0.0,0,0.0,0,0.0,2000.0,115.25808104318158,0.0,100.0,98.4542,0.906183,0.639659,Travis,delta-wye
67,p1uhs13_1247--p1udt12530,p1udt12530-p1uhs13_1247x,p1uhs13_1247,17.5839,8.9435,7.3517,0.0,0.0,8.6404,7.8511,62.2232,0.0602,6.6271,12.47,6.8488,0.7252,0.0,0.0,0.0,6.1236,4.1513,0.1382,16.9909,0.023454746498003883,0,4,,2.9062,25,0,,0,103,1,0,166,11.295,134,32,4.1875,4.7673,1.5912866015999998,1.5959776248,1.5800310062999998,1.2425,33.3792,33.4776,33.1431,254,37,1,0.9046,1.7485,0.97,0.2378,292.0,3909692560.2032,63831731.7138,16636389.5082,151232799546.2181,1.9976,42.181999999999995,104,0,0.0,0,0.0,0,0.0,0,0.0,1988.0,494.43089105376123,0.0,100.0,67.7582,7.808560000000001,24.4332,Travis,delta-wye
68,p1uhs9_1247--p1udt20546,p1udt20546-p1uhs9_1247x,p1uhs9_1247,2.7178,2.3833,2.112,0.0,0.0,0.3345,0.0,52.8777,0.0309,1.9298,12.47,1.2764,0.1984,0.0,0.0,0.0,1.078,0.2036,0.0914,5.0981,0.014504259997343066,0,0,,,5,0,,0,47,0,0,40,2.95,24,16,1.5,1.2144,0.4008527952,0.39938337119999995,0.4141638336,0.2466,33.0083,32.8873,34.1044,69,19,0,0.0,2.2,0.98,0.3117,88.0,4508353451.9508,62213825.2299,12631850.2558,151132303218.8061,1.9922,20.0331,47,0,0.0,0,0.0,0,0.0,0,0.0,2002.0,7757.842978200583,0.0,100.0,80.7198,19.2802,0.0,Travis,delta-wye
69,p1uhs13_1247--p1udt10118,p1udt10118-p1uhs13_1247x,p1uhs13_1247,6.9578,4.6738,4.3149,0.0,0.0,2.2840000000000003,0.9042,43.5934,0.0186,5.2477,12.47,5.0144,0.0284,0.0,0.0,0.0,4.986000000000001,0.7762,0.0961,6.4833,0.013407501267738124,0,1,,4.5058,8,0,,0,153,0,0,97,5.8,96,1,96.0,2.3862,0.8365706994000002,0.6488006213999999,0.9008310654,0.5114,35.0587,27.1897,37.7517,373,1,0,0.0,3.8557,0.9793,0.6237,374.0,9834903970.4715,62749429.7972,13447023.3806,152519901146.349,1.9977,41.3333,104,0,0.0,0,0.0,0,0.0,0,0.0,2004.0,130.05587036169243,0.0,100.0,98.3607,0.0,1.6393400000000002,Travis,delta-wye
70,p1uhs22_1247--p1udt24624,p1udt24624-p1uhs22_1247x,p1uhs22_1247,7.0568,4.2205,1.8227,0.0,0.0,2.8363,0.2825,12.7423,0.0124,1.5897,12.47,9.4651,0.4509,0.0,0.0,0.0,9.0142,1.0317,0.0718,6.2447,0.016576279398517597,0,0,,,25,0,,0,330,2,0,203,12.125,178,25,7.12,4.7842,1.8910794392,1.4568606629999998,1.4362598978000003,1.0583,39.5276,30.4515,30.0209,542,29,0,0.0,2.8128,0.9769,0.5001,571.0,29067365255.5417,243543141.0799,53871759.5278,617236083578.7109,1.9987,70.92,185,0,0.0,0,0.0,0,0.0,0,0.0,1979.0,310.0709002531398,0.0,100.0,93.9648,1.08969,4.94552,Travis,delta-wye
71,p1uhs22_1247--p1udt20099,p1udt20099-p1uhs22_1247x,p1uhs22_1247,17.969,8.0501,3.0794,0.0,0.0,9.9188,3.2189,15.6269,0.0133,3.0067,12.47,22.3352,0.8681,0.0,0.0,0.0,21.4672,3.0129,0.0825,7.4754,0.016507931640901502,0,4,,1.3902,57,0,,0,777,0,0,491,28.075,454,37,12.2703,11.1325,3.7032817875000013,3.6644293625,3.76478885,2.4184,33.2655,32.9165,33.818000000000005,1309,44,0,0.0,2.7556,0.9788,0.5442,1353.0,40792855123.5147,335643789.5092,72914739.6534,846459281295.3964,1.9995,95.9368,242,0,0.0,0,0.0,0,0.0,0,0.0,1973.0,199.73218032138385,0.0,100.0,97.0538,1.08364,1.86251,Travis,delta-wye
72,p1uhs9_1247--p1udt13187,p1udt13187-p1uhs9_1247x,p1uhs9_1247,8.719,5.3209,4.8344,0.0,0.0,3.3981,1.7275,47.2125,0.0257,5.0827,12.47,5.1797,0.0764,0.0,0.0,0.0,5.1033,1.2805,0.0714,9.2131,0.01527928118643625,0,1,,4.4095,9,0,,0,144,1,0,101,5.625,97,4,24.25,2.2382,0.7445439446000001,0.7484428890000001,0.7452131663999999,0.4896,33.2653,33.4395,33.2952,335,4,0,0.0,3.3564,0.9776,0.5958,339.0,8196571438.0694,54116534.228999995,11837306.1897,136005057047.6122,1.9977,44.9417,107,0,0.0,0,0.0,0,0.0,0,0.0,2005.0,513.0142177426336,0.0,100.0,94.1973,0.580271,5.22244,Travis,delta-wye
73,p1uhs23_1247--p1udt21301,p1udt21301-p1uhs23_1247x,p1uhs23_1247,6.5152,5.265,5.0173,0.0,0.0,1.2502,0.2416,57.1908,0.0347,5.5177,12.47,2.6801,0.0039,0.0,0.0,0.0,2.6761,0.3903,0.0666,4.245,0.014255604733850303,0,0,,,7,0,,0,83,0,0,54,3.725,53,1,53.0,1.4217,0.46485324899999997,0.5140440689999999,0.442802682,0.2887,32.696999999999996,36.157,31.146,187,1,0,0.0,3.4815,0.98,0.5367,188.0,6334865421.1974,47905547.9299,9728974.1134,125517945180.6406,1.9958,30.4734,82,0,0.0,0,0.0,0,0.0,0,0.0,2007.0,112.14846546719076,0.0,100.0,99.3421,0.657895,0.0,Travis,delta-wye
74,p1uhs9_1247--p1udt19234,p1udt19234-p1uhs9_1247x,p1uhs9_1247,8.7145,6.1344,6.1344,0.0,0.0,2.5801,1.1225,57.1232,0.0357,6.7964,12.47,3.9895,0.0,0.0,0.0,0.0,3.9895,1.9647,0.0786,15.4652,0.016350385988808242,0,0,,,6,0,,0,83,0,0,86,4.05,86,0,0.0,1.5856,0.4303302544,0.6951397248000001,0.4601300208,0.32299999999999995,27.1399,43.8408,29.0193,244,0,0,0.0,2.8372,0.9796,0.6667,244.0,4044048615.6794,26279949.5092,5353580.54,67124577432.3837,1.9967,30.9813,83,0,0.0,0,0.0,0,0.0,0,0.0,2000.0,92.62112695412901,0.0,100.0,99.3737,0.0,0.626305,Travis,delta-wye
75,p1uhs10_1247--p1udt22980,p1udt22980-p1uhs10_1247x,p1uhs10_1247,7.4598,7.1909,7.1903,0.0,0.0,0.2689,0.2652,90.5022,0.0857,3.3665,12.47,0.7781,0.5612,0.0,0.0,0.0,0.2168,0.2074,0.036000000000000004,2.5178,0.008943380304158045,0,2,,1.7021,6,0,,0,2,0,0,77,10.7,15,62,0.2419,6.4079,2.1356761752,2.1348880034999995,2.1373358212999998,1.305,33.3288,33.3165,33.3547,17,68,2,2.5168,1.1154,0.9790000000000001,0.0116,87.0,3807890740.0148,280466445.7977,57117058.8905,468326792162.7411,1.9922,11.9042,29,0,0.0,0,0.0,0,0.0,0,0.0,2000.0,9057.834544664898,0.0,100.0,98.7201,1.02389,0.255973,Travis,delta-wye
76,p1uhs10_1247--p1udt6120,p1udt6120-p1uhs10_1247x,p1uhs10_1247,2.3171,2.0176,2.0163,0.0,0.0,0.2995,0.2977,84.7972,0.0594,1.1344,12.47,0.4118,0.1964,0.0,0.0,0.0,0.2154,0.1929,0.094,7.0702,0.010557984559070257,0,0,,,3,0,,0,2,1,0,36,3.575,11,25,0.44,1.3882,0.4516703048,0.470349924,0.4661797712,0.2819,32.5364,33.882,33.5816,14,25,0,0.0,1.0833,0.98,0.0925,39.0,5725856026.8618,203807169.1604,41386591.5085,524870135795.6664,1.9832,8.6879,19,0,0.0,0,0.0,0,0.0,0,0.0,1997.0,3667.943763211888,0.0,100.0,99.4575,0.542495,0.0,Travis,delta-wye
77,p1uhs6_1247--p1udt7653,p1udt7653-p1uhs6_1247x,p1uhs6_1247,2.5664,0.4894,0.0,0.0,0.0,2.077,0.1965,2.8098,0.0086,0.8093,12.47,4.4259,0.0,0.0,0.0,0.0,4.4259,0.2465,0.0705,3.5254,0.014851991834925029,0,0,,,10,0,,0,172,0,0,92,4.8,92,0,0.0,1.9231,0.6080476811,0.7507667014,0.5642875406000001,0.3905,31.6181,39.0394,29.3426,298,0,0,0.0,3.2391,0.98,0.6667,298.0,29853071316.9028,192655431.318,39119011.5282,480854840003.8043,1.9975,40.63,101,0,0.0,0,0.0,0,0.0,0,0.0,1997.0,120.61813919977078,0.0,100.0,100.0,0.0,0.0,Travis,delta-wye
78,p1uhs2_1247--p1udt8846,p1udt8846-p1uhs2_1247x,p1uhs2_1247,7.5688,4.2344,4.0328,0.0,0.0,3.3344,2.4868,57.9997,0.0267,2.6491,12.47,3.6719999999999997,0.2036,0.0,0.0,0.0,3.4683,1.6879,0.0638,15.0157,0.012975117411839836,0,2,,2.0499,12,0,,0,67,0,0,109,7.2,90,19,4.7368,5.4873,1.7380419147,1.8047071224000004,1.9445509629,1.524,31.6739,32.8888,35.4373,259,22,2,2.7453,2.5727,0.9787,0.1723,283.0,12606933762.9118,244443772.6333,67890215.3608,320741777713.6562,1.9969999999999999,29.8175,80,0,0.0,0,0.0,0,0.0,0,0.0,2003.0,1067.6880496770546,0.0,100.0,96.2418,1.79739,1.96078,Travis,delta-wye
79,p1uhs11_1247--p1udt12111,p1udt12111-p1uhs11_1247x,p1uhs11_1247,6.5433,5.9159,5.2803,0.0,0.0,0.6274,0.5389,71.7995,0.0648,2.3391,12.47,1.5615,0.7759,0.0,0.0,0.0,0.7856,0.7152,0.0641,8.8248,0.015460492484631784,0,3,,1.4938,8,0,,0,21,0,0,65,12.875,20,45,0.4444,9.5352,3.1894195128,3.1880369088,3.1577435784,2.2603,33.4489,33.4344,33.1167,44,53,4,5.0502,1.5303,0.972,0.0224,101.0,3647572900.5184,344360251.6326,81628258.6832,464975258358.1669,1.9931,14.5586,37,0,0.0,0,0.0,0,0.0,0,0.0,1991.0,4143.804905808329,0.0,100.0,94.8069,1.59787,3.59521,Travis,delta-wye
80,p1uhs9_1247--p1udt6854,p1udt6854-p1uhs9_1247x,p1uhs9_1247,15.305,12.1939,11.107999999999999,0.0,0.0,3.1111,1.9896,63.6133,0.0434,2.6014,12.47,5.2844,0.865,0.0,0.0,0.0,4.4194,1.0127,0.0811,4.9185,0.01496990785383431,0,5,,1.2423,22,0,,0,184,1,0,230,22.55,139,91,1.5275,9.5015,3.3038330755000005,3.048974341,3.1486925835000004,2.0727,34.7717,32.0894,33.1389,255,97,1,0.7881,1.5281,0.9787,0.1375,353.0,12450598200.3088,335126520.8153,73105304.9339,795356910529.6418,1.9982,46.367,118,0,0.0,0,0.0,0,0.0,0,0.0,1990.0,1681.4464527519822,0.0,100.0,95.0,4.05063,0.949367,Travis,delta-wye
81,p1uhs9_1247--p1udt4409,p1udt4409-p1uhs9_1247x,p1uhs9_1247,4.9384,4.9101,3.9835,0.0,0.0,0.0284,0.0271,74.9933,0.1051,2.2455,12.47,0.4095,0.2764,0.0,0.0,0.0,0.1332,0.0962,0.0487,1.7983,0.008713558511040852,0,3,,2.1253,2,0,,0,47,0,0,39,4.0,11,28,0.3929,5.0331,1.6658906697,1.655235597,1.7119737333,1.5421,33.0987,32.887,34.0143,15,29,3,3.5639999999999996,1.175,0.9742,0.0142,47.0,2274896064.5865,243611590.6118,74638798.2454,193608175709.4911,1.9889,20.5592,47,0,0.0,0,0.0,0,0.0,0,0.0,2006.0,11934.824375934117,0.0,100.0,97.7629,0.223714,2.01342,Travis,delta-wye
82,p1uhs13_1247--p1udt8187,p1udt8187-p1uhs13_1247x,p1uhs13_1247,1.3048,1.3048,0.8166,0.0,0.0,0.0,0.0,34.305,0.0139,0.8511,12.47,1.0755,1.0755,0.0,0.0,0.0,0.0,0.0,0.0376,0.0,0.011441918520947137,0,0,,,0,0,,0,32,0,0,24,1.8,0,24,0.0,0.5298,0.17659982340000002,0.17659982340000002,0.17659982340000002,0.1075,33.3333,33.3333,33.3333,0,94,0,0.0,3.9167,0.98,0.0,94.0,11133991718.0411,62750146.8364,12738350.6413,213204096728.4461,1.9909,15.2881,36,0,0.0,0,0.0,0,0.0,0,0.0,2009.0,45.15832790360725,0.0,100.0,100.0,0.0,0.0,Travis,delta-wye
83,p1uhs17_1247--p1udt1947,p1udt1947-p1uhs17_1247x,p1uhs17_1247,4.8833,4.7328,4.7322,0.0,0.0,0.1505,0.1493,94.0163,0.1191,2.6761,12.47,0.3088,0.1636,0.0,0.0,0.0,0.1453,0.1453,0.0481,2.7976,0.007532203035502195,0,1,,2.3745,2,0,,0,2,0,0,37,7.225,5,32,0.1562,4.0664,1.3338279968,1.3551115343999998,1.3774604687999998,0.8261,32.8012,33.3246,33.8742,8,32,1,1.3955,1.0789,0.9785,0.0095,41.0,1572393061.5809,155950590.3696,31682830.0017,277086338290.7794,1.9839,9.5961,24,0,0.0,0,0.0,0,0.0,0,0.0,1996.0,11597.967390248336,0.0,100.0,21.5686,74.5098,3.92157,Travis,delta-wye
84,p1uhs14_1247--p1udt7899,p1udt7899-p1uhs14_1247x,p1uhs14_1247,0.8563,0.8563,0.6808,0.0,0.0,0.0,0.0,63.9884,0.0535,0.5391,12.47,0.2076,0.1884,0.0,0.0,0.0,0.0193,0.0048,0.0393,0.4549,0.012976281664582496,0,0,,,0,0,,0,10,2,0,13,2.725,3,10,0.3,0.8994,0.2988967026,0.3017064282,0.29879686920000004,0.1826,33.2329,33.5453,33.2218,3,13,0,0.0,1.2308,0.98,0.0312,16.0,2958891551.2726,166330112.5443,33773777.3014,503936217326.1228,1.9643,8.7708,22,0,0.0,0,0.0,0,0.0,0,0.0,1983.0,5215.693003809464,0.0,100.0,96.1326,3.8674,0.0,Travis,delta-wye
85,p1uhs9_1247--p1udt25123,p1udt25123-p1uhs9_1247x,p1uhs9_1247,6.9109,6.6352,6.6327,0.0,0.0,0.2757,0.272,84.5698,0.0586,3.009,12.47,1.2536,0.8141,0.0,0.0,0.0,0.4395,0.4395,0.0671,5.3824,0.010623650022883895,0,2,,2.2856,6,0,,0,6,0,0,92,8.325,14,78,0.1795,3.3461,1.1145223341,1.1143449907999998,1.1172326751000001,0.6795,33.3081,33.3028,33.3891,23,95,0,0.0,1.2826,0.98,0.0244,118.0,5429112338.0393,153954129.0117,31261844.6384,383028476391.3313,1.9941,13.2273,29,0,0.0,0,0.0,0,0.0,0,0.0,2005.0,11992.702537471248,0.0,100.0,99.9419,0.0581058,0.0,Travis,delta-wye
86,p1uhs24_1247--p1umv22,p1uhs24_1247-p1umv22x,p1uhs24_1247,1.8179,0.2156,0.2156,0.0,0.0,1.6024,1.6005,93.4302,0.2597,1.3731,12.47,0.1258,0.0,0.0,0.0,0.0,0.1258,0.1258,0.0434,6.4739,0.017976697102027143,0,0,,,3,0,,0,1,0,0,4,0.125,4,0,0.0,2.2665,0.7106882730000001,1.3367975655000002,0.219011895,0.7435,31.3562,58.9807,9.663,6,0,1,2.2306,1.4,0.9586,0.0106,7.0,653074134.3919,211453305.1183,69368824.6214,11662038114.1405,1.913,5.4229,12,0,0.0,0,0.0,0,0.0,0,0.0,1992.0,1654.4071186399497,0.0,100.0,37.5,0.0,62.5,Travis,delta-wye
87,p1uhs21_1247--p1udt5257,p1udt5257-p1uhs21_1247x,p1uhs21_1247,0.8829,0.0855,0.0855,0.0,0.0,0.7974,0.7949,47.5489,0.0304,0.547,12.47,0.9687,0.054000000000000006,0.0,0.0,0.0,0.9147,0.9147,0.0837,49.4029,0.033403248684886214,0,0,,,4,0,,0,0,0,0,19,0.625,18,1,18.0,0.2298,0.0306573882,0.14848710839999998,0.0506555034,0.0467,13.3409,64.6158,22.0433,28,1,0,0.0,1.5263,0.98,0.5683,29.0,4481047768.7805,35511887.9118,7211184.6159,96574305361.6489,1.9733,8.2148,20,0,0.0,0,0.0,0,0.0,0,0.0,1984.0,152.5713652952073,0.0,100.0,94.8276,5.17241,0.0,Travis,delta-wye
88,p1uhs3_1247--p1udt6119,p1udt6119-p1uhs3_1247x,p1uhs3_1247,0.2107,0.2107,0.0,0.0,0.0,0.0,0.0,0.0,0.013999999999999999,0.2503,12.47,0.3123,0.3123,0.0,0.0,0.0,0.0,0.0,0.0415,0.0,0.02082099971585467,0,0,,,0,0,,0,18,0,0,10,0.75,0,10,0.0,0.1117,0.0372332961,0.0372332961,0.0372332961,0.0227,33.3333,33.3333,33.3333,0,15,0,0.0,1.5,0.98,0.0,15.0,4806072672.0901,35789580.0183,7260207.7356,240303633604.5028,1.9667,11.9418,32,0,0.0,0,0.0,0,0.0,0,0.0,1969.0,186.79851226083161,0.0,100.0,100.0,0.0,0.0,Travis,delta-wye
89,p1uhs24_1247--p1umv26,p1uhs24_1247-p1umv26x,p1uhs24_1247,0.4534,0.2273,0.2267,0.0,0.0,0.226,0.2254,69.8893,0.0756,0.4559,12.47,0.1935,0.0,0.0,0.0,0.0,0.1935,0.1935,0.0629,29.9186,0.03225815442331667,0,0,,,1,0,,0,1,0,0,2,0.1,2,0,0.0,3.8349,0.0,0.0,3.8349,1.2605,0.0,0.0,100.0,5,0,1,3.7984,2.0,0.9502,0.0063,6.0,1317978987.5856,842386333.6176,276875616.1531,21966316459.7594,1.8667,3.4286,7,0,0.0,0,0.0,0,0.0,0,0.0,2006.0,4047.298348431949,0.0,100.0,0.0,0.0,100.0,Travis,delta-wye
90,p1uhs9_1247--p1udt13121,p1udt13121-p1uhs9_1247x,p1uhs9_1247,2.6663,2.6663,2.6644,0.0,0.0,0.0,0.0,87.5756,0.0544,1.1768,12.47,0.3761,0.3014,0.0,0.0,0.0,0.0747,0.0747,0.0288,2.4557,0.007676268585391223,0,2,,1.0785,0,0,,0,4,1,0,43,4.05,6,37,0.1622,4.0518,1.3438361952000002,1.3558740930000002,1.3520937636,0.8227,33.1664,33.4635,33.3702,9,38,2,2.4763,1.1136,0.98,0.0096,49.0,4883783686.7212,403834664.0154,82001795.0553,403659672065.7339,1.9857,11.1216,27,0,0.0,0,0.0,0,0.0,0,0.0,2000.0,12566.34474495669,0.0,100.0,99.1228,0.877193,0.0,Travis,delta-wye
91,p1uhs2_1247--p1udt899,p1udt899-p1uhs2_1247x,p1uhs2_1247,3.1511,3.1511,3.1505,0.0,0.0,0.0,0.0,95.4421,0.2251,2.7913,12.47,0.1498,0.0514,0.0,0.0,0.0,0.0984,0.087,0.0376,2.6364,0.010702513632802859,0,1,,2.7913,0,0,,0,2,0,0,13,1.35,5,8,0.625,2.2413,0.7716078684000001,0.7369797833999999,0.7327123482000001,0.6698,34.4268,32.8818,32.6914,5,8,1,1.7002,1.0,0.9694,0.0055,14.0,569122759.0469999,91113109.921,27229367.3868,54879694622.3917,1.9535,5.7829,14,0,0.0,0,0.0,0,0.0,0,0.0,1988.0,12135.654779990891,0.0,100.0,45.8333,33.3333,20.8333,Travis,delta-wye
92,p1uhs14_1247--p1udt6143,p1udt6143-p1uhs14_1247x,p1uhs14_1247,0.2229,0.1765,0.1758,0.0,0.0,0.0464,0.0458,74.9313,0.0318,0.142,12.47,0.0729,0.0375,0.0,0.0,0.0,0.0354,0.0354,0.0152,11.9568,0.010416814348385716,0,0,,,1,0,,0,1,0,0,7,0.425,3,4,0.75,0.1557,0.054006569100000006,0.0457066692,0.0559867617,0.0316,34.6863,29.3556,35.9581,3,4,0,0.0,1.0,0.98,0.1591,7.0,4581724309.2356,101911594.8951,20690502.4316,278176118775.0195,1.913,4.2372,10,0,0.0,0,0.0,0,0.0,0,0.0,1984.0,9346.88722317023,0.0,100.0,100.0,0.0,0.0,Travis,delta-wye
93,p1uhs13_1247--p1udt21698,p1udt21698-p1uhs13_1247x,p1uhs13_1247,0.6654,0.6654,0.6654,0.0,0.0,0.0,0.0,99.9067,0.6654,0.6659999999999999,12.47,0.0006,0.0006,0.0,0.0,0.0,0.0,0.0,0.0006,0.0,0.000621371,0,0,,,0,0,,0,1,0,0,1,0.075,0,1,0.0,0.0015,0.0004999995000000001,0.0004999995000000001,0.0004999995000000001,0.0005,33.3333,33.3333,33.3333,0,1,0,0.0,1.0,0.9493,0.0,1.0,133902712.7779,194160.2726,64298.407,10042703458.3457,1.6667,2.3333,5,0,0.0,0,0.0,0,0.0,0,0.0,2007.0,1.3934452372655108,0.0,100.0,0.0,0.0,100.0,Travis,delta-wye
94,p1uhs9_1247--p1udt22357,p1udt22357-p1uhs9_1247x,p1uhs9_1247,2.7487,2.7487,2.7481,0.0,0.0,0.0,0.0,98.9602,2.7487,2.7763,12.47,0.0283,0.0283,0.0,0.0,0.0,0.0,0.0,0.0283,0.0,0.0282530558619,0,0,,,0,0,,0,2,1,0,1,0.075,0,1,0.0,0.0192,0.0063999936,0.0063999936,0.0063999936,0.0063,33.3333,33.3333,33.3333,0,1,0,0.0,1.0,0.95,0.0,1.0,34183264.4172,656325.5135,215723.7641,2563744831.2928,1.6667,2.3333,5,0,0.0,0,0.0,0,0.0,0,0.0,2006.0,695.6160298554178,0.0,100.0,0.0,0.0,100.0,Travis,delta-wye
95,subtransmission,st_mat,,1.1225,1.1225,1.1225,0.0,0.0,0.0,0.0,100.0,,5.6402,230.0,0.0,0.0,0.0,0.0,0.0,0.0,0.0,0.0,0.0,,0,0,,,7,12,1.9474,247,299,95,81,36,2496.0,0,36,0.0,0.0,0.0,0.0,0.0,0.0,0.0,0.0,0.0,0,0,0,0.0,0.0,,,0.0,0.0,0.0,0.0,11713197111699.494,2.2893,21.5756,40,0,0.0,0,0.0,0,0.0,0,0.0,,,,,,,,,
0,p2uhs6_1247--p2udt1124,p2udt1124-p2uhs6_1247x,p2uhs6_1247,18.9479,10.2637,6.5801,0.0,0.0,8.6842,3.841,30.1793,0.0176,3.5119,12.47,15.5828,0.4937,0.0,0.0,0.0,15.0891,4.2232,0.0869,12.2302,0.014495635472234997,0,2,,2.801,41,0,,0,458,1,0,394,21.675,357,37,9.6486,8.5272,2.8508561400000003,2.8202946551999997,2.8560492048,1.8473,33.4325,33.0741,33.4934,1034,41,0,0.0,2.7284,0.9784,0.5064,1075.0,21569418927.8077,171095343.8602,37066274.6986,434899679311.8428,1.9993,102.8285,278,0,0.0,0,0.0,0,0.0,0,0.0,1990.0,467.4467445271228,0.0,100.0,85.7793,10.9784,3.24232,Travis,delta-wye
1,p2uhs0_1247--p2udt8249,p2udt8249-p2uhs0_1247x,p2uhs0_1247,15.6339,5.1682,3.6630000000000003,0.0,0.0,10.4658,8.1855,43.0317,0.0226,3.7327,12.47,11.9003,0.0487,0.0,0.0,0.0,11.8516,4.5881,0.1051,16.6633,0.017221816725760546,0,3,,1.8157,25,0,,0,256,1,0,232,9.555,229,3,76.3333,4.8127,1.7591525421000005,1.5220885655,1.5314588924000003,0.983,36.5523,31.6265,31.8212,687,3,1,0.9393,2.9657,0.9794,0.5242,691.0,14547298205.0192,101319455.2099,20693665.6106,201156923804.5717,1.9989,71.4594,185,0,0.0,0,0.0,0,0.0,0,0.0,2000.0,110.46429249777262,0.0,100.0,96.6825,1.65877,1.65877,Travis,delta-wye
2,p2uhs6_1247--p2udt6420,p2udt6420-p2uhs6_1247x,p2uhs6_1247,21.5785,13.8218,9.4094,0.0,0.0,7.7566,2.6873,35.609,0.0244,3.2997,12.47,12.3924,0.8955,0.0,0.0,0.0,11.4969,2.5186,0.0763,7.4139,0.01398686279908621,0,1,,3.2657,32,0,,0,470,1,0,377,23.5,309,68,4.5441,11.3725,3.78895308,4.0009478525,3.5825990675000003,2.4147,33.3168,35.1809,31.5023,803,81,2,2.2925,2.3439,0.9790000000000001,0.3274,886.0,22290135384.2,286111216.6012,60750265.3288,591216909174.6035,1.9992,75.6995,185,0,0.0,0,0.0,0,0.0,0,0.0,1982.0,310.01591182006666,0.0,100.0,97.2887,1.47528,1.23604,Travis,delta-wye
3,p2uhs8_1247--p2udt4184,p2udt4184-p2uhs8_1247x,p2uhs8_1247,15.5369,3.0469,2.1215,0.0,0.0,12.4901,9.6376,45.7649,0.0254,3.1799,12.47,10.1576,0.0791,0.0,0.0,0.0,10.0784,4.9809,0.1057,19.385,0.016624472585654228,0,2,,1.9272,26,0,,0,260,0,0,253,11.995,248,5,49.6,5.5839,1.9267023594000003,1.5594045852,2.0977930554000004,1.1434,34.5046,27.9268,37.5686,605,5,1,1.0672,2.4055,0.9789,0.4619,611.0,14470485820.8055,132245682.4777,27079373.3844,284080977775.0608,1.9988,59.8141,148,0,0.0,0,0.0,0,0.0,0,0.0,1995.0,130.4582355667809,0.0,100.0,97.0018,1.0582,1.94004,Travis,delta-wye
4,p2uhs0_1247--p2udt8078,p2udt8078-p2uhs0_1247x,p2uhs0_1247,16.1553,7.0215,2.8516,0.0,0.0,9.1338,3.0889,18.9067,0.0161,2.8665,12.47,15.2652,0.3624,0.0,0.0,0.0,14.9028,1.8717,0.0897,5.9569,0.015189247926174175,0,4,,1.1425,54,0,,0,563,1,0,365,19.1,331,34,9.7353,7.6827,2.4302761737000003,2.6412738465000003,2.6111499798,1.5718,31.6331,34.3795,33.9874,969,36,0,0.0,2.7534,0.9795,0.4998,1005.0,32749616573.0278,250354873.4176,51221051.0144,622405648303.3159,1.9993,95.5069,231,0,0.0,0,0.0,0,0.0,0,0.0,1991.0,100.27185114742468,0.0,100.0,95.0374,3.73895,1.22366,Travis,delta-wye
5,p2uhs0_1247--p2udt8122,p2udt8122-p2uhs0_1247x,p2uhs0_1247,6.3203,4.6798,4.6798,0.0,0.0,1.6405,1.6355,77.3864,0.0735,2.5340000000000003,12.47,1.8405,0.3702,0.0,0.0,0.0,1.4703,1.4365,0.0937,17.6024,0.021400786873010703,0,2,,1.1759,8,0,,0,2,0,0,53,6.425,28,25,1.12,4.3982,1.4715013758000002,1.4622651558000002,1.4644334684,0.9233,33.4569,33.2469,33.2962,57,27,2,2.0644,1.5926,0.972,0.06,86.0,2188034919.2522,111900961.707,23491526.8047,163466562281.3409,1.9915,14.7641,37,0,0.0,0,0.0,0,0.0,0,0.0,1977.0,1237.2550902697199,0.0,100.0,24.7191,49.4382,25.8427,Travis,delta-wye
6,p2uhs8_1247--p2udt6561,p2udt6561-p2uhs8_1247x,p2uhs8_1247,1.9695,1.1748,0.15,0.0,0.0,0.7947,0.3123,9.7999,0.0083,0.8025,12.47,2.7472,0.0827,0.0,0.0,0.0,2.6645,0.8359,0.0548,17.7215,0.011591611298517804,0,0,,,18,0,,0,155,0,0,109,6.95,97,12,8.0833,2.8499,0.9376569986,0.9842671131,0.9279758883,0.5787,32.9014,34.5369,32.5617,225,12,0,0.0,2.0973,0.98,0.5575,237.0,31630307953.4992,380353404.1357,77236892.1941,927555444205.9904,1.9974,48.216,117,0,0.0,0,0.0,0,0.0,0,0.0,1999.0,4123.933413273266,0.0,100.0,0.0,100.0,0.0,Travis,delta-wye
7,p2uhs8_1247--p2udt6424,p2udt6424-p2uhs8_1247x,p2uhs8_1247,9.3514,6.9670000000000005,5.5677,0.0,0.0,2.3844,2.0909999999999997,70.3202,0.0703,3.177,12.47,1.5396,0.2072,0.0,0.0,0.0,1.3324,0.4477,0.0587,4.1107,0.011576042684396994,0,4,,1.7723,14,0,,0,67,0,0,80,9.51,57,23,2.4783,6.3904,2.1304443328000002,2.1314412352,2.128514432,1.6991,33.3382,33.3538,33.308,107,23,3,3.1797,1.642,0.975,0.1002,133.0,4290780029.8555,206162937.2124,54814454.3461,306806902886.6633,1.9953,24.0288,62,0,0.0,0,0.0,0,0.0,0,0.0,1988.0,3650.236209737558,0.0,100.0,23.6842,61.8421,14.4737,Travis,delta-wye
8,p2uhs11_1247--p2udt5729,p2udt5729-p2uhs11_1247x,p2uhs11_1247,7.742999999999999,3.4234,2.457,0.0,0.0,4.3195,0.6944,17.7215,0.0108,2.7204,12.47,10.0399,0.0185,0.0,0.0,0.0,10.0214,1.1875,0.0614,6.6775,0.014002592781126186,0,2,,2.0881,21,0,,0,339,0,0,207,10.4,205,2,102.5,5.4589,1.8300525538,1.9223407172,1.706506729,1.1083,33.5242,35.2148,31.261,714,2,1,1.1035,3.4471,0.98,0.5254,717.0,34850809308.0096,265335353.4568,53871727.3236,505506857466.2499,1.9989,58.4355,151,0,0.0,0,0.0,0,0.0,0,0.0,1984.0,131.61268726065595,0.0,100.0,99.0385,0.961538,0.0,Travis,delta-wye
9,p2uhs12_1247--p2udt5984,p2udt5984-p2uhs12_1247x,p2uhs12_1247,13.9907,4.695,4.0955,0.0,0.0,9.2957,5.1432,36.2256,0.0189,2.748,12.47,11.5124,0.0863,0.0,0.0,0.0,11.425999999999998,3.1269,0.0722,12.2611,0.01557833653532574,0,2,,2.2523,25,0,,0,331,0,0,258,12.8,254,4,63.5,5.0517,1.8243608346,1.6304765886,1.5968575251,1.0337,36.1138,32.2758,31.6103,735,4,0,0.0,2.8643,0.9794,0.6409999999999999,739.0,21119448274.7248,144368161.0478,29542196.8685,365803704893.7466,1.999,53.6558,143,0,0.0,0,0.0,0,0.0,0,0.0,2004.0,105.8349304388308,0.0,100.0,98.6755,0.264901,1.0596,Travis,delta-wye
10,p2uhs12_1247--p2udt5222,p2udt5222-p2uhs12_1247x,p2uhs12_1247,10.4582,3.3787,2.5016,0.0,0.0,7.0794,2.8366,24.5625,0.0137,2.6953,12.47,11.275,0.0629,0.0,0.0,0.0,11.2121,2.2467,0.0611,10.3377,0.014757903841762215,0,1,,2.224,21,0,,0,352,0,0,230,12.35,225,5,45.0,5.0569999999999995,1.530243143,1.7221158369999998,1.804646077,1.0617,30.2599,34.0541,35.6861,759,5,0,0.0,3.3217,0.9794,0.5870000000000001,764.0,34410925121.2025,227769730.0173,47819345.9184,556249902155.5662,1.999,54.4478,142,0,0.0,0,0.0,0,0.0,0,0.0,2002.0,92.28749671225641,0.0,100.0,97.9817,0.550459,1.46789,Travis,delta-wye
11,p2uhs0_1247--p2udt1587,p2udt1587-p2uhs0_1247x,p2uhs0_1247,11.1018,4.6417,3.1942,0.0,0.0,6.4601,4.4986,42.8618,0.0238,3.6463,12.47,6.8461,0.0371,0.0,0.0,0.0,6.8091,2.1751,0.1197,12.1192,0.014659794164719676,0,1,,1.9537,17,0,,0,187,0,0,142,6.825,139,3,46.3333,2.7536,1.0558706736,0.8369787488,0.860747824,0.5868,38.3451,30.3958,31.259,464,3,0,0.0,3.2887,0.9779,0.6455,467.0,12284911744.463999,72435928.89,15435279.6897,179538592411.0645,1.9982,51.4025,140,0,0.0,0,0.0,0,0.0,0,0.0,2005.0,112.17565479308435,0.0,100.0,93.8095,0.952381,5.2381,Travis,delta-wye
12,p2uhs7_1247--p2udt2957,p2udt2957-p2uhs7_1247x,p2uhs7_1247,11.4832,4.5594,3.5469,0.0,0.0,6.9238,4.1048,38.163000000000004,0.0199,4.1713,12.47,8.567,0.0492,0.0,0.0,0.0,8.5177,1.9856,0.0878,9.9031,0.014847412261198624,0,2,,2.1126,19,0,,0,261,1,0,180,9.34,175,5,35.0,3.7825,1.1128984975,1.5182160675000005,1.151385435,0.7833,29.4223,40.1379,30.4398,572,5,0,0.0,3.2056,0.9793,0.6273,577.0,11854185074.2888,77710609.63,16093467.0123,191885768793.5135,1.9987,56.9425,140,0,0.0,0,0.0,0,0.0,0,0.0,2005.0,73.73060640542941,0.0,100.0,97.8637,0.712106,1.42421,Travis,delta-wye
13,p2uhs7_1247--p2udt3821,p2udt3821-p2uhs7_1247x,p2uhs7_1247,7.7768,4.024,3.2163,0.0,0.0,3.7528,2.9776,49.7662,0.0263,4.1482,12.47,4.6692,0.0006,0.0,0.0,0.0,4.6685,1.6557,0.0939,13.3029,0.01577415775163709,0,1,,4.0234,6,0,,0,103,1,0,89,4.17,88,1,88.0,2.6351,1.0103421367,0.6596208670999999,0.9651369962,0.5479999999999999,38.3417,25.0321,36.6262,294,1,1,0.9253,3.2889,0.9767,0.4273,296.0,6031015537.9277,53690425.2751,11165403.3165,84963968895.8052,1.9972,39.8508,114,0,0.0,0,0.0,0,0.0,0,0.0,2003.0,96.3850025256378,0.0,100.0,91.3146,0.938967,7.74648,Travis,delta-wye
14,p2uhs2_1247--p2udt8082,p2udt8082-p2uhs2_1247x,p2uhs2_1247,9.3672,5.2179,4.0793,0.0,0.0,4.1493,0.6092,26.3921,0.0155,3.2158,12.47,8.3976,0.0943,0.0,0.0,0.0,8.3033,0.5592,0.0674,3.1479,0.01390324507249077,0,1,,2.4234,25,0,,0,319,0,0,191,11.025,182,9,20.2222,5.362,1.762741414,1.74283767,1.8564209160000005,1.1022,32.8747,32.5035,34.6218,594,9,1,0.9442,3.1458,0.9799,0.452,604.0,29318414452.4507,260271441.9647,53498896.3128,535158144599.7841,1.9988,60.5727,163,0,0.0,0,0.0,0,0.0,0,0.0,1981.0,166.89251543764178,0.0,100.0,98.3069,1.48148,0.21164,Travis,delta-wye
15,p2uhs2_1247--p2udt8512,p2udt8512-p2uhs2_1247x,p2uhs2_1247,5.6478,3.2065,2.7866,0.0,0.0,2.4413,0.5714,29.166999999999998,0.0153,2.2817,12.47,5.8653,0.2429,0.0,0.0,0.0,5.6224,1.2979,0.0851,11.2732,0.015852268981732948,0,1,,1.7169,14,0,,0,158,0,0,126,7.375,107,19,5.6316,3.0284,1.0445526995999999,0.9896417507999999,0.9942025212000002,0.6154,34.4919,32.6787,32.8293,350,20,0,0.0,2.9365,0.9798,0.4474,370.0,26570741046.5307,217475069.1168,44195735.27,529619500589.6332,1.9979,37.1078,93,0,0.0,0,0.0,0,0.0,0,0.0,1986.0,479.00397848161805,0.0,100.0,98.3017,1.4985,0.1998,Travis,delta-wye
16,p2uhs2_1247--p2udt106,p2udt106-p2uhs2_1247x,p2uhs2_1247,8.5866,4.226,3.8195,0.0,0.0,4.3606,1.6909999999999998,35.8825,0.0188,3.0410000000000004,12.47,6.7704,0.3006,0.0,0.0,0.0,6.4698,1.1499,0.0768,7.4879999999999995,0.01481488348616741,0,1,,2.2569999999999997,16,0,,0,187,0,0,141,9.475,125,16,7.8125,3.9609,1.2205077651,1.5365519369999998,1.2038402979,0.8102,30.8139,38.793,30.3931,440,17,0,0.0,3.2411,0.9795,0.4372,457.0,16432200107.8635,142421446.3156,29131643.8641,340689488013.1448,1.9983,42.63,105,0,0.0,0,0.0,0,0.0,0,0.0,1980.0,453.63884749122917,0.0,100.0,93.5315,5.2447599999999985,1.22378,Travis,delta-wye
17,p2uhs11_1247--p2udt3455,p2udt3455-p2uhs11_1247x,p2uhs11_1247,10.2173,5.5325,1.4071,0.0,0.0,4.6848,3.049,26.9191,0.019,4.655,12.47,6.3363,0.4333,0.0,0.0,0.0,5.903,2.7405,0.0787,16.5553,0.011799533606858236,0,1,,3.8516,25,0,,0,247,0,0,196,11.35,176,20,8.8,4.6218,1.5479055252,1.539475362,1.5344237346,0.9503,33.4914,33.309,33.1997,511,26,0,0.0,2.7398,0.9797,0.5163,537.0,28041987195.0802,241346780.7837,49621850.7159,592693770324.3212,1.9986,56.4097,158,0,0.0,0,0.0,0,0.0,0,0.0,1990.0,3073.879854430896,0.0,100.0,68.062,31.1628,0.7751939999999999,Travis,delta-wye
18,p2uhs11_1247--p2udt7967,p2udt7967-p2uhs11_1247x,p2uhs11_1247,17.243,8.9237,6.6927,0.0,0.0,8.3193,6.1754,44.0774,0.0223,3.8458,12.47,11.9512,0.4843,0.0,0.0,0.0,11.467,6.8183,0.0832,23.3551,0.015480874835044303,0,2,,2.6148,36,0,,0,253,0,0,323,17.925,289,34,8.5,6.8632,2.3299740416,2.2790353712,2.254183724,1.5177,33.9488,33.2066,32.8445,735,37,0,0.0,2.3901,0.977,0.4597,772.0,22075202569.8192,196252789.5705,43397817.258999996,512562184020.7366,1.999,63.8921,159,0,0.0,0,0.0,0,0.0,0,0.0,1992.0,1365.5495054213627,0.0,100.0,78.2689,14.6409,7.09024,Travis,delta-wye
19,p2uhs2_1247--p2udt7925,p2udt7925-p2uhs2_1247x,p2uhs2_1247,8.8515,4.0306,1.7155,0.0,0.0,4.8209,0.2633,9.3731,0.0116,3.0407,12.47,12.26,0.1207,0.0,0.0,0.0,12.1393,0.6705,0.0754,3.1761,0.01600524201378499,0,2,,2.278,27,0,,0,424,0,0,230,11.525,223,7,31.8571,4.7831,1.6523792922,1.5308215887999999,1.5998991189999998,0.9737,34.5462,32.0048,33.449,757,9,0,0.0,3.3304,0.9796,0.5762,766.0,34783317835.2309,217197610.6918,44215746.6729,523339083617.5416,1.999,74.8618,188,0,0.0,0,0.0,0,0.0,0,0.0,1971.0,221.17858830356656,0.0,100.0,96.3526,2.53293,1.11449,Travis,delta-wye
20,p2uhs2_1247--p2udt3567,p2udt3567-p2uhs2_1247x,p2uhs2_1247,14.3038,8.0778,6.4472,0.0,0.0,6.2261,4.8529,57.251999999999995,0.0497,3.4126,12.47,5.4336,0.7554,0.0,0.0,0.0,4.6783,1.8758,0.1,9.5035,0.018866785992015512,0,2,,1.5745,19,0,,0,125,0,1,155,12.325,115,40,2.875,5.3582,1.7670700616,1.7634425602000001,1.8276927364,1.308,32.9788,32.9111,34.1102,240,47,1,0.8105,1.8462,0.9733,0.1823,288.0,8849452332.9891,164641675.2362,40192113.0356,378713541680.8715,2.0,37.464,84,0,0.0,0,0.0,0,0.0,0,0.0,1985.0,493.4024743946208,0.0,100.0,74.0196,10.2941,15.6863,Travis,delta-wye
21,p2uhs5_1247--p2udt7295,p2udt7295-p2uhs5_1247x,p2uhs5_1247,8.2442,4.1902,0.9275,0.0,0.0,4.053999999999999,1.6564,16.0439,0.0163,3.3784,12.47,7.8608,0.3478,0.0,0.0,0.0,7.513,1.778,0.0719,11.04,0.015535209230070497,0,0,,,20,0,,0,278,0,0,194,10.05,177,17,10.4118,5.3324,1.7713806208,1.6517055675999999,1.9093138116,1.1652,33.2192,30.9749,35.8059,487,18,1,1.3991,2.5949,0.9784,0.3583,506.0,17748569846.7644,187039380.8611,40869629.3304,352516061185.736,1.9986,73.2204,199,0,0.0,0,0.0,0,0.0,0,0.0,1978.0,424.02449788346945,0.0,100.0,92.219,3.7464,4.03458,Travis,delta-wye
22,p2uhs2_1247--p2udt8516,p2udt8516-p2uhs2_1247x,p2uhs2_1247,4.9111,3.9547,3.1647,0.0,0.0,0.9564,0.8609,61.8832,0.0712,3.1756,12.47,1.5939,0.2281,0.0,0.0,0.0,1.3659,1.0761,0.0634,16.542,0.023100481200590304,0,2,,2.0568,4,0,,0,24,1,0,39,5.025,29,10,2.9,4.4344,1.5435481240000002,1.409385352,1.4814709584,1.1728,34.8085,31.783,33.4086,55,12,2,2.6093,1.725,0.9683,0.0452,69.0,2714610680.9668,174460495.4998,46141330.2358,197694473505.18802,1.9899,17.9136,43,0,0.0,0,0.0,0,0.0,0,0.0,1972.0,2915.940228366449,0.0,100.0,47.2973,16.2162,36.4865,Travis,delta-wye
23,p2uhs5_1247--p2udt7035,p2udt7035-p2uhs5_1247x,p2uhs5_1247,20.7941,11.2264,7.7271,0.0,0.0,9.5676,2.9525,23.9282,0.0132,2.541,12.47,23.838,1.0986,0.0,0.0,0.0,22.7394,4.217,0.0933,9.4484,0.015183447381951404,0,3,,1.4473,53,0,,0,697,0,1,504,31.95,429,75,5.72,13.4284,4.4238252392,4.5637357388,4.4408390220000005,2.8219,32.9438,33.9857,33.0705,1483,86,1,0.8058,3.1089,0.9793,0.4153,1570.0,53792065762.9281,460090542.9853,96685975.5969,1094685669506.7184,2.0,87.0671,233,0,0.0,0,0.0,0,0.0,0,0.0,1987.0,414.2558297758187,0.0,100.0,96.9086,1.84812,1.24328,Travis,delta-wye
24,p2uhs5_1247--p2udt2008,p2udt2008-p2uhs5_1247x,p2uhs5_1247,21.4429,12.8496,10.4919,0.0,0.0,8.5933,5.4626,45.4239,0.027000000000000003,3.0858,12.47,13.6806,1.0876,0.0,0.0,0.0,12.593,4.7505,0.0863,13.5251,0.017251686365792523,0,2,,2.2883,50,0,,0,332,2,0,321,20.95,267,54,4.9444,7.8126,2.6448541662,2.5638687546,2.6038770792,1.8302,33.8537,32.8171,33.3292,734,59,0,0.0,2.4704,0.976,0.3804,793.0,22104290708.0479,217771771.5646,51015215.2288,583965813787.6454,1.9991,60.805,176,0,0.0,0,0.0,0,0.0,0,0.0,1973.0,534.2463582833133,0.0,100.0,76.0849,13.7898,10.1254,Travis,delta-wye
25,p2uhs9_1247--p2udt3884,p2udt3884-p2uhs9_1247x,p2uhs9_1247,9.5726,6.4478,6.0629,0.0,0.0,3.1248,2.2998,62.9337,0.042,2.4008,12.47,3.7155,0.3836,0.0,0.0,0.0,3.332,1.3633,0.0641,10.2595,0.016296200283718674,0,3,,1.1340000000000001,13,0,,0,89,0,0,94,11.575,73,21,3.4762,6.1943,1.9114308997,1.9287191909999999,2.3541499093000002,1.4489,30.8579,31.136999999999997,38.0051,203,23,2,2.1846,2.4,0.9776,0.1288,228.0,10075688923.3438,273734770.714,64027179.4776,511517979332.0355,1.9968,32.5736,82,0,0.0,0,0.0,0,0.0,0,0.0,1994.0,828.2832584268442,0.0,100.0,71.6981,21.5094,6.79245,Travis,delta-wye
26,p2uhs3_1247--p2udt8444,p2udt8444-p2uhs3_1247x,p2uhs3_1247,13.4299,9.7526,5.8678,0.0,0.0,3.6774,1.8034,31.7504,0.0246,3.2333,12.47,10.7311,1.5871,0.0,0.0,0.0,9.144,2.6951,0.0866,11.1546,0.019654007998361568,0,2,,1.4483,24,0,,0,281,1,0,219,20.435,175,44,3.9773,8.6488,2.986171176,2.8393318495999997,2.8232969744,1.7755,34.527,32.8292,32.6438,486,59,1,0.9556,2.4818,0.9785,0.2282,546.0,13537841749.203001,214443521.7696,44022490.3956,506677282316.7818,1.9987,53.7336,139,0,0.0,0,0.0,0,0.0,0,0.0,1982.0,4981.253464707049,0.0,100.0,87.8788,9.09091,3.0303,Travis,delta-wye
27,p2uhs11_1247--p2udt4732,p2udt4732-p2uhs11_1247x,p2uhs11_1247,16.0959,9.5378,8.4002,0.0,0.0,6.5582,5.0763,53.6013,0.0321,5.4569,12.47,9.0463,0.5842,0.0,0.0,0.0,8.4621,4.5691,0.0788,18.173,0.01802053331243575,0,1,,2.0207,25,0,,0,169,2,1,264,15.35,230,34,6.7647,5.6076,1.8069425556,1.7715417767999997,2.0291156676,1.1516,32.2231,31.5918,36.1851,465,37,0,0.0,1.9308,0.9792,0.4123,502.0,9092217567.1833,101564523.0032,20857216.3185,278019003299.3314,2.0,55.9676,149,0,0.0,0,0.0,0,0.0,0,0.0,1983.0,996.6564667158805,0.0,100.0,98.5182,0.931414,0.550381,Travis,delta-wye
28,p2uhs1_1247--p2udt4740,p2udt4740-p2uhs1_1247x,p2uhs1_1247,11.1347,6.5934,6.5928,0.0,0.0,4.5413,4.5333,80.5188,0.0795,6.2347,12.47,2.6832,0.040999999999999995,0.0,0.0,0.0,2.6422,2.6422,0.0757,19.1212,0.01916573258622057,0,1,,4.2086,13,0,,0,4,0,0,60,3.22,56,4,14.0,1.0849,0.34104048479999993,0.3329406214,0.4109188938,0.2784,31.4352,30.6886,37.8762,136,4,0,0.0,2.3333,0.9723,0.4173,140.0,2213136872.0624,17150877.7948,4400677.9435,50902148057.4349,1.9939,17.577,44,0,0.0,0,0.0,0,0.0,0,0.0,1990.0,152.5975023282229,0.0,100.0,81.8627,0.490196,17.6471,Travis,delta-wye
29,p2uhs1_1247--p2udt7154,p2udt7154-p2uhs1_1247x,p2uhs1_1247,17.7225,4.6752,3.5064,0.0,0.0,13.0473,7.9928,33.0779,0.0158,3.8859,12.47,17.0415,0.0916,0.0,0.0,0.0,16.9499,6.7396,0.0817,19.3866,0.015174947936276391,0,4,,1.6666,27,0,,0,408,0,0,357,16.51,351,6,58.5,7.7201,2.6746440852,2.5307568614,2.5147067735000004,1.5752,34.6452,32.7814,32.5735,1116,6,1,0.9488,3.1369,0.9795,0.5555,1123.0,28593013979.3618,196564287.8785,40105618.4526,420365681922.7653,1.9993,66.3793,175,0,0.0,0,0.0,0,0.0,0,0.0,1996.0,81.87348176950611,0.0,100.0,98.0723,0.8433729999999999,1.08434,Travis,delta-wye
30,p2uhs1_1247--p2udt3615,p2udt3615-p2uhs1_1247x,p2uhs1_1247,16.3221,9.1902,8.275,0.0,0.0,7.1319,4.4704,49.0536,0.0326,3.6023,12.47,9.6605,0.1557,0.0,0.0,0.0,9.5048,4.5854,0.1087,17.6478,0.019321091587735248,0,2,,2.4203,29,0,,0,176,0,0,216,8.295,208,8,26.0,3.1510000000000002,1.2349840339999998,0.945422889,0.970593077,0.6594,39.1934,30.0039,30.8027,492,8,0,0.0,2.3148,0.9775,0.5832,500.0,8029305843.5259,50601347.4903,10588710.297,133206183944.0954,1.9985,54.6934,140,0,0.0,0,0.0,0,0.0,0,0.0,1993.0,82.87414070444096,0.0,100.0,91.2356,2.72989,6.03448,Travis,delta-wye
31,p2uhs1_1247--p2udt3475,p2udt3475-p2uhs1_1247x,p2uhs1_1247,5.693,1.4962,0.5576,0.0,0.0,4.1968,0.9309,10.4089,0.0079,1.6473,12.47,8.6068,0.0,0.0,0.0,0.0,8.6068,1.2845,0.0599,8.9827,0.012003849380460329,0,1,,1.2622,18,0,,0,305,0,0,188,9.95,188,0,0.0,4.2188,1.2990064892000002,1.5982755048,1.321518006,0.857,30.7909,37.8846,31.3245,717,0,0,0.0,3.8138,0.98,0.6667,717.0,28993421952.0006,170597057.804,34652886.068,402349439919.6738,1.9988,60.0387,163,0,0.0,0,0.0,0,0.0,0,0.0,2002.0,77.23577202347167,0.0,100.0,99.903,0.0,0.0969932,Travis,delta-wye
32,p2uhs9_1247--p2udt8056,p2udt8056-p2uhs9_1247x,p2uhs9_1247,5.95,3.2354,2.7278,0.0,0.0,2.7147,0.65,33.0493,0.0162,3.34,12.47,4.2702,0.0142,0.0,0.0,0.0,4.256,0.0991,0.0525,0.9693,0.011603826290156974,0,2,,2.7053,9,0,,0,182,0,0,99,6.225,96,3,32.0,3.8819,1.3738005281,1.4572730238,1.0508264481,0.8172,35.3899,37.5402,27.0699,364,3,1,1.4097,3.68,0.9798,0.3702,368.0,15546067626.5714,163991757.8813,34522918.4519,262973562433.172,1.9978,44.4565,107,0,0.0,0,0.0,0,0.0,0,0.0,2006.0,133.1502538508289,0.0,100.0,98.249,1.36187,0.389105,Travis,delta-wye
33,p2uhs9_1247--p2udt3330,p2udt3330-p2uhs9_1247x,p2uhs9_1247,3.1941,1.8134,1.1572,0.0,0.0,1.3807,0.5563,31.6146,0.0228,1.0437,12.47,2.226,0.0408,0.0,0.0,0.0,2.1852,0.4082,0.0839,7.5319,0.015900242191291578,0,0,,,6,0,,0,72,0,0,51,4.05,43,8,5.375,1.5204,0.5845056168,0.47506722479999997,0.46082715840000005,0.3736,38.4442,31.2462,30.3096,131,9,0,0.0,2.7451,0.9785,0.3805,140.0,12242518492.4023,132956703.8978,32673108.3778,354158570673.0657,1.995,23.8474,55,0,0.0,0,0.0,0,0.0,0,0.0,1976.0,1383.4052495817734,0.0,100.0,47.7987,47.7987,4.40252,Travis,delta-wye
34,p2uhs3_1247--p2udt5611,p2udt5611-p2uhs3_1247x,p2uhs3_1247,12.005,8.2733,6.5223,0.0,0.0,3.7317,3.359,50.7554,0.0392,3.5469,12.47,7.4636,1.1179,0.0,0.0,0.0,6.3457,2.1025,0.0849,10.7993,0.024390777069309283,0,1,,2.6306,24,0,,0,108,0,0,141,11.935,100,41,2.439,4.5136,1.4986054720000002,1.5035749456000005,1.5114150687999999,0.9516,33.202,33.3121,33.4858,245,61,0,0.0,2.1702,0.9747,0.2061,306.0,9218472117.7903,135974997.4495,28668847.5917,359550538319.6965,1.9976,45.6679,125,0,0.0,0,0.0,0,0.0,0,0.0,1981.0,22419.022415008963,0.0,100.0,59.0426,26.5957,14.3617,Travis,delta-wye
35,p2uhs4_1247--p2udt7735,p2udt7735-p2uhs4_1247x,p2uhs4_1247,8.9611,6.0761,5.7083,0.0,0.0,2.885,2.5634,62.3358,0.0448,3.6408,12.47,4.3085,0.138,0.0,0.0,0.0,4.1705,2.835,0.0718,21.3648,0.021542489874231067,0,1,,3.0451,11,0,,0,45,1,0,105,5.145,91,14,6.5,1.9211,0.6447730296999999,0.5990220332,0.6773049371000001,0.4365,33.5627,31.1812,35.2561,186,14,0,0.0,1.9048,0.9754,0.426,200.0,4771395943.6009,45830654.7213,10414078.5507,122744160649.1341,1.9964,38.2257,102,0,0.0,0,0.0,0,0.0,0,0.0,1968.0,1462.0079509061056,0.0,100.0,83.4254,8.01105,8.56354,Travis,delta-wye
36,p2uhs4_1247--p2udt5265,p2udt5265-p2uhs4_1247x,p2uhs4_1247,5.4678,2.9747,2.4038,0.0,0.0,2.4931,2.241,67.0989,0.0911,2.5036,12.47,1.4545,0.1325,0.0,0.0,0.0,1.3219999999999998,0.9909,0.0934,14.3142,0.02424165452730667,0,0,,,7,0,,0,19,1,0,36,1.25,32,4,8.0,0.4078,0.14040676340000002,0.10978587699999999,0.15760735960000002,0.0983,34.4303,26.9215,38.6482,56,4,0,0.0,1.6667,0.9709,0.4756,60.0,1926629824.6423,13094468.5268,3156751.8287,40138121346.715,1.9889,17.4683,41,0,0.0,0,0.0,0,0.0,0,0.0,1972.0,129.12874730146964,0.0,100.0,73.2558,5.81395,20.9302,Travis,delta-wye
37,p2uhs10_1247--p2udt8564,p2udt8564-p2uhs10_1247x,p2uhs10_1247,9.5752,3.1896,2.4185,0.0,0.0,6.3857,2.1686,21.8503,0.0126,2.3872,12.47,11.4183,0.0342,0.0,0.0,0.0,11.3841,2.031,0.0973,9.6746,0.015004334660054753,0,3,,1.8229,20,0,,0,313,0,0,215,11.2,212,3,70.6667,4.6149,1.4590744733999998,1.4631448152000002,1.6926807113999998,0.9375,31.6166,31.7048,36.6786,757,4,0,0.0,3.5395,0.9798,0.6303,761.0,22242098883.6154,134881107.71,27401429.7447,327347578839.0184,1.9989,49.9092,116,0,0.0,0,0.0,0,0.0,0,0.0,2001.0,96.8372185579978,0.0,100.0,98.6097,0.993049,0.397219,Travis,delta-wye
38,p2uhs4_1247--p2udt8180,p2udt8180-p2uhs4_1247x,p2uhs4_1247,4.0787,2.0099,1.7994,0.0,0.0,2.0688,1.9201,70.89,0.0716,2.6989,12.47,1.168,0.0128,0.0,0.0,0.0,1.1552,0.838,0.0689,15.9718,0.0204914120446272,0,0,,,4,0,,0,18,0,0,31,0.945,30,1,30.0,0.3514,0.11868991820000001,0.100532026,0.13217840720000001,0.0722,33.7763,28.609,37.6148,56,1,0,0.0,1.8387,0.9784,0.6162,57.0,1907604198.8636,11761669.9619,2417313.0783,31626069612.7388,1.9882,19.7597,50,0,0.0,0,0.0,0,0.0,0,0.0,1978.0,217.63269935204968,0.0,100.0,67.6056,28.169,4.22535,Travis,delta-wye
39,p2uhs4_1247--p2udt433,p2udt433-p2uhs4_1247x,p2uhs4_1247,7.8041,4.7855,4.6419,0.0,0.0,3.0186,2.271,60.0631,0.0482,3.609,12.47,3.7052,0.3539,0.0,0.0,0.0,3.3513,2.2526,0.1023,19.5722,0.02287152920928884,0,3,,1.9462,7,0,,0,44,0,0,76,5.625,63,13,4.8462,3.1222,0.8239985351999999,1.4469086571999998,0.8512928075999998,0.8678,26.3916,46.3426,27.2658,144,17,1,1.0379,2.1039,0.9698,0.1733,162.0,4694358653.5663,90473652.3842,25145421.0678,162998564359.9412,1.9954,19.6038,60,0,0.0,0,0.0,0,0.0,0,0.0,1978.0,9131.324639317663,0.0,100.0,54.6512,13.3721,31.9767,Travis,delta-wye
40,p2uhs4_1247--p2udt7573,p2udt7573-p2uhs4_1247x,p2uhs4_1247,9.2961,3.6228,2.6706,0.0,0.0,5.6733,2.1091,26.0712,0.015,3.5555,12.47,9.0371,0.0434,0.0,0.0,0.0,8.9937,1.8093,0.0749,9.8689,0.01459953608455771,0,2,,2.9082,16,0,,0,292,0,0,195,9.0,194,1,194.0,3.6708,1.205141994,1.193322018,1.2723323171999998,0.7464,32.8305,32.5085,34.6609,618,1,0,0.0,3.1744,0.9797,0.6596,619.0,17884591264.4971,106060154.7272,21564780.984,260034444879.6032,1.9987,58.4823,156,0,0.0,0,0.0,0,0.0,0,0.0,2002.0,85.70221043360056,0.0,100.0,98.6532,0.673401,0.673401,Travis,delta-wye
41,p2uhs10_1247--p2udt7514,p2udt7514-p2uhs10_1247x,p2uhs10_1247,5.686,2.3603,1.3759,0.0,0.0,3.3257,0.345,12.6787,0.0097,2.2944,12.47,7.8869,0.0,0.0,0.0,0.0,7.8869,0.6357,0.0622,4.6838,0.013504902370998377,0,2,,1.8113,15,0,,0,274,0,0,153,7.825,153,0,0.0,3.3417,1.1899994202,1.0908277892999998,1.0608761322,0.6784,35.6106,32.6429,31.7466,584,0,0,0.0,3.8169999999999997,0.98,0.6667,584.0,22563714486.6771,129110939.7066,26212804.4122,302330592223.0287,1.9986,54.4532,128,0,0.0,0,0.0,0,0.0,0,0.0,2005.0,85.1733165958791,0.0,100.0,99.8682,0.131752,0.0,Travis,delta-wye
42,p2uhs4_1247--p2udt3496,p2udt3496-p2uhs4_1247x,p2uhs4_1247,9.5468,5.9708,5.3069,0.0,0.0,3.576,1.6854,48.3028,0.0274,3.5489,12.47,4.9293,0.1217,0.0,0.0,0.0,4.8076,1.158,0.0751,7.9994,0.014164584262087696,0,3,,2.6975,19,0,,0,144,1,0,124,7.67,115,9,12.7778,4.1606,1.5268361849999996,1.316247416,1.3175205595999997,0.8456,36.6975,31.636,31.6666,337,10,1,1.058,2.784,0.9798,0.3251,348.0,7717523816.5302,92268773.3718,18752159.1782,170095999059.7315,1.9978,41.2929,117,0,0.0,0,0.0,0,0.0,0,0.0,2001.0,315.3383151054816,0.0,100.0,90.1532,9.19037,0.656455,Travis,delta-wye
43,p2uhs10_1247--p2udt7118,p2udt7118-p2uhs10_1247x,p2uhs10_1247,6.4111,6.4111,6.2917,0.0,0.0,0.0,0.0,74.0255,0.0763,2.9192,12.47,2.0883,2.0883,0.0,0.0,0.0,0.0,0.0,0.0808,0.0,0.02486029193874309,0,0,,,0,0,,0,11,0,0,39,2.925,0,39,0.0,0.4249,0.14163319170000002,0.14163319170000002,0.14163319170000002,0.0888,33.3333,33.3333,33.3333,0,84,0,0.0,2.1538,0.9771,0.0,84.0,1992145129.4024,10077509.913999999,2105200.1764,69369339327.4063,1.9907,17.0257,41,0,0.0,0,0.0,0,0.0,0,0.0,1981.0,160.90010287575288,0.0,100.0,91.3462,0.961538,7.692310000000001,Travis,delta-wye
44,p2uhs13_1247--p2udt6883,p2udt6883-p2uhs13_1247x,p2uhs13_1247,16.148,2.419,2.419,0.0,0.0,13.7291,13.6271,51.9478,0.0345,1.9846,12.47,14.7407,0.0965,0.0,0.0,0.0,14.6442,14.5513,0.1119,47.1089,0.03149716082853033,0,2,,0.3888,20,0,,0,4,0,0,237,7.41,234,3,78.0,2.6559,0.7995454155,0.8719771203,0.9843774642,0.5525,30.1045,32.8317,37.0638,464,4,0,0.0,1.9747,0.9778,0.6262,468.0,10504781137.9245,59614102.2867,12400555.6838,166325701350.4723,1.9983,31.3543,71,0,0.0,0,0.0,0,0.0,0,0.0,1980.0,82.96376096178885,0.0,100.0,91.84,2.56,5.6,Travis,delta-wye
45,p2uhs10_1247--p2udt7412,p2udt7412-p2uhs10_1247x,p2uhs10_1247,18.3206,3.9977,3.9977,0.0,0.0,14.3229,12.5411,54.9271,0.0384,3.4626,12.47,11.7898,0.1298,0.0,0.0,0.0,11.66,10.012,0.0893,33.2509,0.0247166194210045,0,2,,1.554,21,0,,0,72,0,0,236,7.2,230,6,38.3333,2.6664,0.8387561159999999,0.9061973712000001,0.9214465128,0.5545,31.4565,33.9858,34.5577,471,6,0,0.0,2.0212,0.9782,0.6108,477.0,9890000543.5339,55285030.2629,11497641.4939,149283027072.2104,1.9984,33.1875,84,0,0.0,0,0.0,0,0.0,0,0.0,1985.0,63.855903835261316,0.0,100.0,94.0705,1.28205,4.6474400000000005,Travis,delta-wye
46,p2uhs10_1247--p2udt8615,p2udt8615-p2uhs10_1247x,p2uhs10_1247,18.6033,4.9984,4.9984,0.0,0.0,13.6049,13.5875,60.321999999999996,0.0466,4.1039,12.47,12.2079,0.0217,0.0,0.0,0.0,12.1861,12.1861,0.1226,39.551,0.030596152183334138,0,2,,1.7638,28,0,,0,1,0,0,229,6.595,228,1,228.0,2.2148,0.7583873863999999,0.7579865076000001,0.698426106,0.4595,34.2418,34.2237,31.5345,398,1,0,0.0,1.7424,0.9779,0.6574,399.0,8749261923.5193,48565027.108,10076950.9426,144614993447.6442,1.9980000000000002,29.2054,72,0,0.0,0,0.0,0,0.0,0,0.0,1990.0,111.31793632116744,0.0,100.0,92.4028,2.65018,4.947,Travis,delta-wye
47,p2uhs0_1247--p2udt2514,p2udt2514-p2uhs0_1247x,p2uhs0_1247,3.0136,1.6774,1.5222,0.0,0.0,1.3362,0.2584,27.5097,0.0133,2.1614,12.47,3.4593,0.0,0.0,0.0,0.0,3.4593,0.6347,0.0634,9.8054,0.015306770208732341,0,1,,1.4638,6,0,,0,78,0,0,58,2.825,58,0,0.0,1.2021,0.31486605300000003,0.4404818966999999,0.4467520502999999,0.2447,26.193,36.6427,37.1643,226,0,0,0.0,3.8966,0.9799,0.6667,226.0,12076493655.2806,64232624.3796,13074933.1228,150956170691.0068,1.9963,33.8685,95,0,0.0,0,0.0,0,0.0,0,0.0,2003.0,103.54340686131823,0.0,100.0,99.6047,0.0,0.395257,Travis,delta-wye
48,p2uhs1_1247--p2udt3740,p2udt3740-p2uhs1_1247x,p2uhs1_1247,6.5008,3.3229,3.3223,0.0,0.0,3.1779,3.173,77.699,0.0891,2.447,12.47,1.8587,0.0506,0.0,0.0,0.0,1.8081,1.7951,0.069,21.4732,0.02546107363636616,0,0,,,8,0,,0,1,0,0,45,1.75,41,4,10.25,0.5913,0.1309144113,0.1384245126,0.3219610761000001,0.1459,22.1401,23.4102,54.4497,69,4,0,0.0,1.6222,0.9734,0.4839,73.0,2467382549.2232,19986335.3889,4931700.5436,59149581659.4613,1.99,14.1925,38,0,0.0,0,0.0,0,0.0,0,0.0,1986.0,321.873344781105,0.0,100.0,52.809,29.2135,17.9775,Travis,delta-wye
49,p2uhs9_1247--p2udt5858,p2udt5858-p2uhs9_1247x,p2uhs9_1247,3.548,2.6846,2.27,0.0,0.0,0.8634,0.3136,54.2516,0.0296,1.7865,12.47,1.2144,0.2604,0.0,0.0,0.0,0.9540000000000001,0.0817,0.0503,1.7155,0.010119633659124246,0,1,,1.2999,8,0,,0,55,0,0,51,5.6,33,18,1.8333,2.997,1.000122876,1.0006983,0.9961788239999998,0.8109,33.3708,33.39,33.2392,99,20,1,0.868,2.3077,0.9763,0.1443,120.0,9528090258.3295,237965698.909,64388683.158,444644212055.3753,1.9943,20.8831,48,0,0.0,0,0.0,0,0.0,0,0.0,1986.0,5980.28719011428,0.0,100.0,0.0,87.5,12.5,Travis,delta-wye
50,p2uhs10_1247--p2udt3516,p2udt3516-p2uhs10_1247x,p2uhs10_1247,2.9284,2.9284,2.9278,0.0,0.0,0.0,0.0,79.995,0.1394,1.8829,12.47,0.7316,0.7316,0.0,0.0,0.0,0.0,0.0,0.0865,0.0,0.03483628424763476,0,0,,,0,0,,0,2,0,0,14,1.05,0,14,0.0,0.1255,0.041833291500000015,0.041833291500000015,0.041833291500000015,0.0259,33.3333,33.3333,33.3333,0,21,0,0.0,1.5,0.9786,0.0,21.0,1063406724.4224,6356197.7115,1313748.1532,53170336221.12,1.9667,7.6661,17,0,0.0,0,0.0,0,0.0,0,0.0,1982.0,58.76811987964598,0.0,100.0,96.9697,0.0,3.0303,Travis,delta-wye
51,p2uhs8_1247--p2udt5538,p2udt5538-p2uhs8_1247x,p2uhs8_1247,4.2536,2.6715,2.6715,0.0,0.0,1.5819999999999999,1.5795,88.0936,0.1772,2.5968,12.47,0.5721,0.0679,0.0,0.0,0.0,0.5042,0.5042,0.0568,10.4487,0.02383636373912917,0,0,,,4,0,,0,1,0,0,18,1.15,13,5,2.6,0.386,0.1338262,0.136415874,0.115757926,0.0896,34.67,35.3409,29.9891,18,6,0,0.0,1.3333,0.9712,0.2081,24.0,1013115338.8182,16296122.9988,3781782.4546,48545109985.0392,1.9733,9.0119,22,0,0.0,0,0.0,0,0.0,0,0.0,1975.0,1340.72757151368,0.0,100.0,31.0345,44.8276,24.1379,Travis,delta-wye
52,p2uhs0_1247--p2udt8625,p2udt8625-p2uhs0_1247x,p2uhs0_1247,1.2704,1.2704,1.2704,0.0,0.0,0.0,0.0,90.6497,0.1588,1.0677,12.47,0.131,0.055,0.0,0.0,0.0,0.076,0.076,0.0333,5.4238,0.0163800028735425,0,0,,,0,0,,0,0,0,0,7,0.9,2,5,0.4,0.3023,0.0944267303,0.10722671689999999,0.1006465528,0.0614,31.2361,35.4703,33.2936,3,5,0,0.0,1.1429,0.98,0.0419,8.0,794363080.7738,30017252.0898,6094855.5885,89365846587.0547,1.9167,4.1739,9,0,0.0,0,0.0,0,0.0,0,0.0,1987.0,120.60934446443692,0.0,100.0,50.0,50.0,0.0,Travis,delta-wye
53,p2uhs0_1247--p2udt4999,p2udt4999-p2uhs0_1247x,p2uhs0_1247,0.4288,0.4288,0.4288,0.0,0.0,0.0,0.0,95.0415,0.2144,0.4409,12.47,0.0224,0.0224,0.0,0.0,0.0,0.0,0.0,0.0121,0.0,0.011185920742000002,0,0,,,0,0,,0,0,0,0,2,0.15,0,2,0.0,0.0102,0.0033999966000000004,0.0033999966000000004,0.0033999966000000004,0.0021,33.3333,33.3333,33.3333,0,2,0,0.0,1.0,0.9799,0.0,2.0,211414989.3264,1076112.8664,218790.8309,15856124199.4768,1.7143,2.381,5,0,0.0,0,0.0,0,0.0,0,0.0,1961.0,48.17579607292774,0.0,100.0,100.0,0.0,0.0,Travis,delta-wye
54,subtransmission,st_mat,,0.0678,0.0678,0.0678,0.0,0.0,0.0,0.0,100.0,,7.9586,230.0,0.0,0.0,0.0,0.0,0.0,0.0,0.0,0.0,0.0,,0,0,,,5,16,3.7417,121,189,54,53,21,1008.0,0,21,0.0,0.0,0.0,0.0,0.0,0.0,0.0,0.0,0.0,0,0,0,0.0,0.0,,,0.0,0.0,0.0,0.0,3862011121707.797,2.324,20.2397,40,0,0.0,0,0.0,0,0.0,0,0.0,,,,,,,,,
0,p3uhs5_1247--p3udt15899,p3udt15899-p3uhs5_1247x,p3uhs5_1247,26.2089,11.575999999999999,6.1348,0.0,0.0,14.6329,6.3048,22.052,0.0141,1.9766,12.47,30.2013,1.0136,0.0,0.0,0.0,29.1877,8.6287,0.0876,15.2964,0.01625472162277991,0,2,,1.0629,95,0,,0,912,1,0,761,38.1,687,74,9.2838,14.9966,4.9866244422,5.0116687642,4.9983067936,3.1248,33.2517,33.4187,33.3296,1772,86,0,0.0,2.4415,0.9789,0.5338,1858.0,62293761075.5094,502795077.5241,104765578.8583,1277390902570.9856,1.9996,79.7448,205,0,0.0,0,0.0,0,0.0,0,0.0,1971.0,991.3158807033203,0.0,100.0,95.1617,3.1103400000000003,1.72797,Travis,delta-wye
1,p3uhs0_1247--p3udt31121,p3udt31121-p3uhs0_1247x,p3uhs0_1247,25.4957,11.2237,6.9769,0.0,0.0,14.2719,6.1505,25.9614,0.016,2.4786,12.47,25.0692,0.7544,0.0,0.0,0.0,24.3148,7.7847,0.0721,15.3956,0.015766792813706732,0,2,,1.7214,77,0,,0,739,1,0,640,33.075,569,71,8.0141,12.8626,4.2408249452,4.2587811348,4.36299392,2.6403,32.9702,33.1098,33.92,1514,76,0,0.0,2.4844,0.9795,0.5217,1590.0,44616415270.3022,360933263.8704,74087874.4527,928105619537.8844,1.9995,92.9841,300,0,0.0,0,0.0,0,0.0,0,0.0,1996.0,1392.5816596579627,0.0,100.0,93.7484,5.53944,0.712213,Travis,delta-wye
2,p3uhs8_1247--p3umv17,p3uhs8_1247-p3umv17x,p3uhs8_1247,21.7764,14.5044,9.0442,0.0,0.0,7.2719,2.1473,27.5254,0.0171,2.4930000000000003,12.47,18.8826,1.9359,0.0,0.0,0.0,16.9467,4.1665,0.0805,10.2474,0.0147867138606686,0,3,,1.7487,78,0,,0,630,0,1,579,38.725,437,142,3.0775,15.7888,5.3271253312,5.2344924416000005,5.227182227200001,3.2806,33.7399,33.1532,33.1069,1110,166,1,0.9006,2.2017,0.9794,0.3453,1277.0,32683710108.3299,404100873.9691,83963026.8921,991132869181.7334,2.0,82.4233,215,0,0.0,0,0.0,0,0.0,0,0.0,1973.0,30528.826413461244,0.0,100.0,96.3817,2.9626,0.655658,Travis,delta-wye
3,p3uhs0_1247--p3udt28845,p3udt28845-p3uhs0_1247x,p3uhs0_1247,23.5042,10.6979,10.072000000000001,0.0,0.0,12.8063,9.7261,46.8888,0.0253,4.0236,12.47,18.7193,0.7115,0.0,0.0,0.0,18.0077,12.0715,0.0858,28.5895,0.020149918535101445,0,2,,3.0362,43,0,,0,257,2,1,458,21.405,423,35,12.0857,9.5294,3.2824780652,3.158309983200001,3.0886119516000003,1.9563,34.4458,33.1428,32.4114,875,53,1,1.475,2.024,0.9788,0.39299999999999996,929.0,15549079028.5865,159497242.696,32744266.3929,358264840265.7612,2.0,58.652,148,0,0.0,0,0.0,0,0.0,0,0.0,1992.0,405.4936007174065,0.0,100.0,97.9828,0.597684,1.4195,Travis,delta-wye
4,p3uhs18_1247--p3udt32182,p3udt32182-p3uhs18_1247x,p3uhs18_1247,30.5307,7.7695,7.7428,0.0,0.0,22.7612,22.4536,70.8691,0.0647,5.7732,12.47,12.078,0.1486,0.0,0.0,0.0,11.9294,11.39,0.0918,26.7315,0.02558906120201253,0,2,,1.9446,36,0,,0,29,1,0,319,9.53,307,12,25.5833,3.17,1.06322434,0.98027178,1.12650388,0.7067,33.5402,30.9234,35.5364,459,13,0,0.0,1.4796,0.9759,0.5717,472.0,6578803292.1415,44183513.2403,9849507.5247,132830498673.9584,1.9985,35.8455,103,0,0.0,0,0.0,0,0.0,0,0.0,1985.0,262.4437670076632,0.0,100.0,91.3813,1.06257,7.5560800000000015,Travis,delta-wye
5,p3uhs0_1247--p3udt22485,p3udt22485-p3uhs0_1247x,p3uhs0_1247,19.2033,5.2873,3.0597,0.0,0.0,13.9161,11.0918,31.9304,0.0159,3.4657,12.47,25.1166,0.0387,0.0,0.0,0.0,25.0779,17.0499,0.0869,38.4701,0.020860948103689526,0,1,,2.5319,41,0,,0,349,0,0,598,20.875,596,2,298.0,7.8003,2.5952768145000005,2.6060022270000003,2.5990209585,1.5887,33.2715,33.409,33.3195,1202,2,0,0.0,2.0134,0.9798,0.6596,1204.0,31124116442.9229,201643639.0433,41069213.3218,539631171715.9563,1.9994,84.3673,181,0,0.0,0,0.0,0,0.0,0,0.0,1984.0,151.3465955436753,0.0,100.0,99.5146,0.176523,0.308914,Travis,delta-wye
6,p3uhs17_1247--p3udt31765,p3udt31765-p3uhs17_1247x,p3uhs17_1247,23.6306,5.3578,5.08,0.0,0.0,18.2728,17.0003,55.0676,0.0339,4.1298,12.47,16.4661,0.0,0.0,0.0,0.0,16.4661,14.3472,0.0816,35.7816,0.02359041747559369,0,1,,3.3303,32,0,,0,103,0,0,440,13.77,440,0,0.0,4.9298,1.6338786842,1.521878558,1.7740427578,1.0125,33.1429,30.871,35.9861,698,0,0,0.0,1.5864,0.9793,0.6667,698.0,14851491489.121,104892788.846,21543858.353,292987160179.3672,1.999,53.7345,137,0,0.0,0,0.0,0,0.0,0,0.0,1996.0,209.9214728181132,0.0,100.0,98.6858,0.358423,0.955795,Travis,delta-wye
7,p3uhs20_1247--p3udt30735,p3udt30735-p3uhs20_1247x,p3uhs20_1247,25.5822,8.1594,4.1078,0.0,0.0,17.4228,9.8856,31.1165,0.0208,4.9972,12.47,19.3886,0.1067,0.0,0.0,0.0,19.2819,3.7711,0.0752,8.3857,0.01573750520910654,0,2,,2.8145,41,0,,0,714,0,0,491,23.725,486,5,97.2,9.6318,3.187711632600001,3.354852258,3.0892361094000007,1.9582,33.0957,34.830999999999996,32.0733,1226,6,0,0.0,2.5092,0.9799,0.6309,1232.0,36481653252.488,285214169.7107,57984814.0734,702538330694.2156,1.9994,93.1191,242,0,0.0,0,0.0,0,0.0,0,0.0,2004.0,201.7746200718734,0.0,100.0,99.4702,0.373948,0.15581199999999998,Travis,delta-wye
8,p3uhs20_1247--p3udt25015,p3udt25015-p3uhs20_1247x,p3uhs20_1247,10.1276,4.8363,3.3036,0.0,0.0,5.2913,1.5725,24.3892,0.0153,4.3313,12.47,9.8651,0.013000000000000001,0.0,0.0,0.0,9.852,0.7794,0.0802,3.8985,0.014924489655004597,0,1,,3.5639999999999996,22,0,,0,367,0,0,226,11.9,224,2,112.0,4.7301,1.5478117026,1.5714054414000005,1.610882856,0.9606,32.7226,33.2214,34.056,659,2,0,0.0,2.9248,0.98,0.6312,661.0,18329360453.3717,131164938.3438,26636944.534,329983947647.6913,1.9989,81.8869,187,0,0.0,0,0.0,0,0.0,0,0.0,2003.0,200.21126481473962,0.0,100.0,99.7177,0.282287,0.0,Travis,delta-wye
9,p3uhs16_1247--p3udt16977,p3udt16977-p3uhs16_1247x,p3uhs16_1247,9.2503,3.6877,3.5935,0.0,0.0,5.5626,4.8804,60.62,0.04,2.8799,12.47,4.7285,0.1376,0.0,0.0,0.0,4.5909,3.6672,0.0675,26.2342,0.020469564495861084,0,0,,,25,0,,0,45,0,0,161,5.345,157,4,39.25,1.9766,0.6123724226,0.6123328906000001,0.7518946867999999,0.4109,30.9811,30.9791,38.0398,226,5,0,0.0,1.4348,0.9778,0.6089,231.0,7478063193.0088,63987918.8454,13302324.6213,173031375613.1248,1.9971,31.2972,90,0,0.0,0,0.0,0,0.0,0,0.0,1995.0,425.2480806229957,0.0,100.0,95.9384,1.68067,2.38095,Travis,delta-wye
10,p3uhs16_1247--p3udt3100,p3udt3100-p3uhs16_1247x,p3uhs16_1247,31.2571,13.6845,10.4416,0.0,0.0,17.5727,16.0332,55.3114,0.0363,7.1692,12.47,16.608,0.7698,0.0,0.0,0.0,15.8381,11.1084,0.1004,23.2077,0.01928915598281946,0,3,,2.1909,59,0,,0,359,1,1,590,26.845,536,54,9.9259,10.0739,3.3256764591999994,3.464514949,3.2837085918000004,2.0731,33.0128,34.391,32.5962,796,65,0,0.0,1.4593,0.9792,0.5087,861.0,19892820504.5563,232751497.9924,47898698.0045,620235501097.3423,2.0,62.653999999999996,162,0,0.0,0,0.0,0,0.0,0,0.0,1998.0,640.4040167915045,0.0,100.0,99.0703,0.357569,0.57211,Travis,delta-wye
11,p3uhs21_1247--p3udt5899,p3udt5899-p3uhs21_1247x,p3uhs21_1247,30.5685,15.3691,10.2357,0.0,0.0,15.1994,5.1669,26.7957,0.0179,5.4262,12.47,26.9132,0.7911,0.0,0.0,0.0,26.1221,4.9912,0.0952,8.6831,0.015794124555890146,0,2,,3.089,70,0,,0,1025,1,0,709,37.925,662,47,14.0851,14.8629,4.965219277199999,4.972130525699999,4.9255501971,3.0419,33.4068,33.4533,33.1399,1642,62,0,0.0,2.4034,0.9798,0.5059,1704.0,32498167033.5789,283461043.4251,58013707.2714,723294005134.0786,1.9996,112.5747,265,0,0.0,0,0.0,0,0.0,0,0.0,1988.0,507.9002520165632,0.0,100.0,98.3268,1.42717,0.246063,Travis,delta-wye
12,p3uhs7_1247--p3udt9478,p3udt9478-p3uhs7_1247x,p3uhs7_1247,31.5699,14.2146,9.6238,0.0,0.0,17.3552,4.5122,22.384,0.0174,3.5132,12.47,31.5824,0.9028,0.0,0.0,0.0,30.6796,5.7321,0.087,9.0767,0.017419948720300213,0,5,,2.051,76,0,,0,1185,2,0,832,39.775,785,47,16.7021,17.2465,5.784372621,5.962235775500001,5.499874357,3.5112,33.5394,34.5707,31.8898,1758,53,2,1.8678,2.1765,0.9798,0.4771,1813.0,33109614332.81,314961921.639,64123560.8317,726384396076.947,1.9996,138.0574,333,0,0.0,0,0.0,0,0.0,0,0.0,1985.0,597.9537283409094,0.0,100.0,97.8375,1.85361,0.308935,Travis,delta-wye
13,p3uhs19_1247--p3udt13458,p3udt13458-p3uhs19_1247x,p3uhs19_1247,24.3784,5.4408,3.3498,0.0,0.0,18.9376,11.9048,31.125999999999998,0.0168,2.5501,12.47,24.6307,0.0602,0.0,0.0,0.0,24.5705,8.367,0.087,17.0723,0.016928319318169526,0,1,,1.2241,40,0,,0,636,0,0,601,25.925,595,6,99.1667,10.0033,3.3697916644,3.2481215265,3.3853868091000003,2.0628,33.6868,32.4705,33.8427,1449,6,0,0.0,2.421,0.9798,0.6265,1455.0,38460814867.2603,264421688.6107,54527731.3137,685289776930.3882,1.9995,91.0599,238,0,0.0,0,0.0,0,0.0,0,0.0,1993.0,240.8032425478253,0.0,100.0,99.5426,0.140746,0.316678,Travis,delta-wye
14,p3uhs22_1247--p3udt29621,p3udt29621-p3uhs22_1247x,p3uhs22_1247,19.8004,11.8346,8.229,0.0,0.0,7.9658,2.8105,29.9057,0.0191,2.1295,12.47,17.114,0.7331,0.0,0.0,0.0,16.3809,3.0513,0.0784,8.2659,0.016471576242029225,0,1,,1.3899,50,0,,0,569,3,1,410,25.1,354,56,6.3214,9.876,3.236938008,3.272540988,3.3665111280000004,2.121,32.7758,33.1363,34.0878,974,65,0,0.0,2.5341,0.9794,0.4305,1039.0,33802492760.578,321301922.7784,69005396.8117,816595349653.9994,2.0,88.4451,210,0,0.0,0,0.0,0,0.0,0,0.0,1994.0,478.0863400196137,0.0,100.0,96.4054,2.72845,0.8661760000000001,Travis,delta-wye
15,p3uhs22_1247--p3udt14640,p3udt14640-p3uhs22_1247x,p3uhs22_1247,12.0745,4.6805,2.3952,0.0,0.0,7.394,1.2794,13.8268,0.0123,3.4074,12.47,14.5013,0.1605,0.0,0.0,0.0,14.3408,0.9379,0.0796,3.5293,0.014752043715724469,0,2,,2.6213,25,0,,0,491,1,0,294,17.025,283,11,25.7273,6.8121,2.3385803058000003,2.3253716439,2.1481480503,1.4088,34.3298,34.1359,31.5343,969,14,0,0.0,3.3435,0.9794,0.5998,983.0,39519174430.0615,273865803.6617,56637256.7035,684449587662.0525,1.9992,78.0378,197,0,0.0,0,0.0,0,0.0,0,0.0,1993.0,245.5239681687928,0.0,100.0,98.8782,0.10683800000000004,1.01496,Travis,delta-wye
16,p3uhs21_1247--p3udt8885,p3udt8885-p3uhs21_1247x,p3uhs21_1247,11.6609,7.0783,5.3013,0.0,0.0,4.5826,2.4854,41.7312,0.0259,3.2504,12.47,6.9983,1.1607,0.0,0.0,0.0,5.8375,0.894,0.09,4.7909,0.01551725433943541,0,1,,2.0914,14,0,,0,265,0,0,201,17.65,149,52,2.8654,6.9222,2.2663698132000003,2.2138649262,2.4419652605999995,1.4521,32.7406,31.9821,35.2773,386,65,0,0.0,2.2438,0.9785,0.2746,451.0,16580530809.0808,254486489.9863,53384868.0466,648883301064.9124,1.9985,61.6814,146,0,0.0,0,0.0,0,0.0,0,0.0,1998.0,2672.1341208102544,0.0,100.0,95.9417,2.59987,1.4584700000000002,Travis,delta-wye
17,p3uhs3_1247--p3udt20362,p3udt20362-p3uhs3_1247x,p3uhs3_1247,10.3983,6.4149,3.87,0.0,0.0,3.9834,0.6423,24.0417,0.02,3.0277,12.47,8.3701,0.7161,0.0,0.0,0.0,7.6541,0.8915,0.0676,4.75,0.016065496827435622,0,2,,2.2169,17,0,,0,369,0,0,247,15.65,186,61,3.0492,6.2204,1.8950697416,2.2609412288,2.0643890296,1.2908,30.4654,36.3472,33.1874,453,68,0,0.0,2.1093,0.9794,0.3478,521.0,21705068700.9422,259145601.64900002,53775236.3737,651985269039.8201,1.9988,64.9169,165,0,0.0,0,0.0,0,0.0,0,0.0,1983.0,3123.3938840832343,0.0,100.0,96.6766,2.67062,0.6528189999999999,Travis,delta-wye
18,p3uhs3_1247--p3udt3889,p3udt3889-p3uhs3_1247x,p3uhs3_1247,7.5362,5.2287,2.2653,0.0,0.0,2.3076,0.0398,16.6732,0.0173,2.9595,12.47,6.289,0.6786,0.0,0.0,0.0,5.6104,0.1209,0.077,0.8746,0.014424377060471904,0,1,,2.5651,10,0,,0,329,1,0,182,11.9,135,47,2.8723,5.62,2.01285358,1.8161704400000005,1.7909816000000003,1.1413,35.8159,32.3162,31.868000000000002,379,56,1,0.8812,2.3825,0.9799,0.3018,436.0,23150060267.0771,298400911.323,60597454.0563,631847975179.3976,1.9985,81.271,225,0,0.0,0,0.0,0,0.0,0,0.0,1990.0,4324.797573878317,0.0,100.0,99.4502,0.494777,0.054975300000000005,Travis,delta-wye
19,p3uhs3_1247--p3udt11536,p3udt11536-p3uhs3_1247x,p3uhs3_1247,9.5073,3.525,2.0428,0.0,0.0,5.9823,1.7967,19.5632,0.015,1.7312,12.47,10.1187,0.1996,0.0,0.0,0.0,9.9191,1.9472,0.0811,9.9216,0.015935018030094356,0,1,,0.5833,24,0,,0,321,0,0,213,11.5,204,9,22.6667,4.6484,1.5018747979999998,1.522885566,1.6236442844,0.9551,32.3095,32.7615,34.9291,622,13,0,0.0,2.9812,0.9797,0.5761,635.0,30817715857.0711,225597632.009,46350984.8837,558116113946.9586,1.9988,57.2265,150,0,0.0,0,0.0,0,0.0,0,0.0,1986.0,276.786408924074,0.0,100.0,99.3109,0.229709,0.4594180000000001,Travis,delta-wye
20,p3uhs3_1247--p3udt31518,p3udt31518-p3uhs3_1247x,p3uhs3_1247,20.157,12.284,10.0075,0.0,0.0,7.8729,2.1339,34.4971,0.02,3.3789,12.47,15.0384,0.7216,0.0,0.0,0.0,14.3168,1.2315,0.1006,3.4989999999999997,0.014948665408152628,0,5,,2.3688,33,0,,0,540,0,0,380,26.8,325,55,5.9091,10.3613,3.4308854625,3.4611611811,3.4692533563999994,2.1222,33.1125,33.4047,33.4828,944,62,0,0.0,2.6474,0.9795,0.3961,1006.0,21629209412.7399,222770146.6225,45627762.8634,576205578788.6954,1.9993,80.8613,225,0,0.0,0,0.0,0,0.0,0,0.0,1989.0,386.04035436123206,0.0,100.0,96.1972,2.95775,0.8450700000000001,Travis,delta-wye
21,p3uhs5_1247--p3udt31388,p3udt31388-p3uhs5_1247x,p3uhs5_1247,5.1214,4.7813,4.6602,0.0,0.0,0.3401,0.1235,77.9221,0.061,3.5505,12.47,1.0176,0.3457,0.0,0.0,0.0,0.6719,0.2544,0.0356,4.1435,0.012114414345069649,0,0,,,6,0,,0,35,0,0,56,7.85,31,25,1.24,3.5902,1.1501492916,1.318393244,1.1216574644,0.7290000000000001,32.0358,36.722,31.2422,51,32,1,0.8144,1.4737,0.98,0.0853,84.0,3107684734.7895,132824904.3355,26971078.3248,290420537715.4492,1.9922,22.0154,55,0,0.0,0,0.0,0,0.0,0,0.0,1992.0,9033.069741763875,0.0,100.0,98.827,1.1730200000000002,0.0,Travis,delta-wye
22,p3uhs11_1247--p3udt20683,p3udt20683-p3uhs11_1247x,p3uhs11_1247,23.0309,12.8834,10.3875,0.0,0.0,10.1475,8.0891,53.6685,0.0352,2.9605,12.47,11.3963,0.8886,0.0,0.0,0.0,10.5078,5.8431,0.1119,16.9725,0.01742559962229408,0,1,,2.4863,28,0,,0,298,1,1,410,24.3,321,89,3.6067,9.9074,3.1492355158000005,3.1509891256,3.6071753586000006,2.04,31.7867,31.8044,36.4089,554,99,1,0.9545,1.5912,0.9791,0.2709,654.0,18381199064.272,278454877.6174,57335058.5194,682971157892.6713,2.0,51.2511,127,0,0.0,0,0.0,0,0.0,0,0.0,1985.0,1652.472177749248,0.0,100.0,96.0695,3.06216,0.868373,Travis,delta-wye
23,p3uhs11_1247--p3udt27353,p3udt27353-p3uhs11_1247x,p3uhs11_1247,9.4322,6.3605,5.2806,0.0,0.0,3.0717,0.4598,34.6049,0.0205,2.6697,12.47,7.1562,0.9027,0.0,0.0,0.0,6.2535,0.9064,0.069,5.4639,0.015556879166697691,0,2,,1.8518,20,0,,0,248,2,0,222,18.475,162,60,2.7,8.5312,2.9551906176,2.7932769728,2.7827324096,1.7358,34.6398,32.7419,32.6183,393,66,1,1.3871,2.0628,0.9797,0.2279,460.0,21176408940.8332,392737232.75,79910181.8796,850509033004.1174,1.9985,47.0326,114,0,0.0,0,0.0,0,0.0,0,0.0,1968.0,208.39029796478115,0.0,100.0,93.0027,6.64305,0.354296,Travis,delta-wye
24,p3uhs5_1247--p3udt17790,p3udt17790-p3uhs5_1247x,p3uhs5_1247,12.6521,10.5903,9.3727,0.0,0.0,2.0617,1.7224,58.5901,0.0282,2.1289,12.47,6.2847,1.5883,0.0,0.0,0.0,4.6964,2.4717,0.0757,13.0525,0.013997142795326543,0,3,,1.3102,44,0,,0,122,1,0,296,23.675,168,128,1.3125,9.902000000000001,3.3030794539999997,3.283770554,3.31514009,2.0396,33.3577,33.1627,33.4795,296,152,1,0.88,1.5118,0.9781,0.1838,449.0,18858629222.2526,415896096.8814,85667080.0597,994383177810.3108,1.9985,42.5182,123,0,0.0,0,0.0,0,0.0,0,0.0,1980.0,4483.53727476765,0.0,100.0,92.6661,5.99631,1.33764,Travis,delta-wye
25,p3uhs5_1247--p3udt10526,p3udt10526-p3uhs5_1247x,p3uhs5_1247,9.3622,6.1713,3.6288,0.0,0.0,3.1909,1.0282,23.8431,0.0144,1.7683,12.47,10.17,0.5903,0.0,0.0,0.0,9.5796,2.523,0.0744,12.9173,0.015622063898418071,0,1,,0.9189,41,0,,0,416,1,0,317,16.825,262,55,4.7636,6.684,2.239754928,2.217878196,2.226366876,1.358,33.5092,33.1819,33.3089,591,60,0,0.0,2.0536,0.9798,0.47,651.0,39921104879.3993,409884000.2132,83275033.5534,1031755129947.6086,1.999,54.1756,151,0,0.0,0,0.0,0,0.0,0,0.0,1976.0,2799.023573561473,0.0,100.0,99.0091,0.832342,0.15854100000000002,Travis,delta-wye
26,p3uhs13_1247--p3udt12740,p3udt12740-p3uhs13_1247x,p3uhs13_1247,11.0865,5.3032,3.0325,0.0,0.0,5.7833,1.0109,17.5801,0.0135,2.3199,12.47,11.9133,0.5333,0.0,0.0,0.0,11.38,1.1893,0.0835,5.1709,0.014457841907504413,0,1,,1.6729,31,0,,0,507,0,0,319,19.1,295,24,12.2917,8.8033,2.9430048131,2.9236903729000003,2.9365960106999998,1.7919999999999998,33.4307,33.2113,33.3579,789,34,1,1.4143,2.575,0.9798,0.4211,824.0,40995009238.4419,437975134.2318,89154851.7435,950248393755.1451,1.9992,74.8745,193,0,0.0,0,0.0,0,0.0,0,0.0,1978.0,495.07748866485014,0.0,100.0,97.8692,1.88862,0.242131,Travis,delta-wye
27,p3uhs4_1247--p3udt10048,p3udt10048-p3uhs4_1247x,p3uhs4_1247,11.6788,4.7746,3.2781,0.0,0.0,6.9042,1.7389,18.3727,0.0123,2.7671,12.47,15.628,0.5217,0.0,0.0,0.0,15.1063,2.7586,0.0867,10.1024,0.016433276620968912,0,0,,,32,0,,0,451,0,0,315,16.825,290,25,11.6,6.7416,2.3569847088,2.3027215703999997,2.0818937208,1.3804,34.9618,34.1569,30.8813,920,31,0,0.0,3.0189999999999997,0.9795,0.5386,951.0,37611700472.8267,266629251.9871,54592997.3612,665422566199.0651,1.9992,71.0283,201,0,0.0,0,0.0,0,0.0,0,0.0,1965.0,219.98208811412982,0.0,100.0,96.7254,2.32997,0.944584,Travis,delta-wye
28,p3uhs8_1247--p3udt23566,p3udt23566-p3uhs8_1247x,p3uhs8_1247,15.2175,9.237,4.6866,0.0,0.0,5.9804,1.1838,18.7725,0.0148,1.9293,12.47,16.054000000000002,1.1584,0.0,0.0,0.0,14.8956,3.1292,0.0773,10.0067,0.015571315570185816,0,0,,,57,0,,0,575,0,0,436,24.9,358,78,4.5897,11.2665,3.8087642565,3.7748295585000005,3.682906185,2.3607,33.8061,33.5049,32.689,938,92,1,1.3519999999999999,2.3593,0.9777,0.3385,1031.0,47690271243.0469,521146400.0922,109195184.6747,1151782496558.5496,1.9993,80.3892,189,0,0.0,0,0.0,0,0.0,0,0.0,1979.0,768.4865246558047,0.0,100.0,92.7637,3.96566,3.27065,Travis,delta-wye
29,p3uhs8_1247--p3udt11113,p3udt11113-p3uhs8_1247x,p3uhs8_1247,21.1422,16.6649,11.3122,0.0,0.0,4.4774,1.9605,38.0998,0.0232,2.4956,12.47,13.6946,2.2826,0.0,0.0,0.0,11.412,3.9902,0.0887,11.454,0.01501600028201282,0,2,,1.6522,66,0,,0,448,2,0,490,38.825,322,168,1.9167,16.4372,5.3805694852,5.523343004400001,5.533287510399999,3.5999,32.7341,33.6027,33.6632,721,190,1,1.3921,1.8574,0.9762,0.2299,912.0,24964090523.5516,449933850.92,98539471.9253,1062753086158.8678,1.9993,76.5559,217,0,0.0,0,0.0,0,0.0,0,0.0,1971.0,2533.891255252828,0.0,100.0,93.0951,3.45245,3.45245,Travis,delta-wye
30,p3uhs19_1247--p3udt25232,p3udt25232-p3uhs19_1247x,p3uhs19_1247,19.4912,7.6666,1.7419,0.0,0.0,11.8246,5.726,21.4122,0.0172,7.7262,12.47,15.3861,0.06,0.0,0.0,0.0,15.3261,0.9375,0.0763,2.688,0.013591938356822595,0,2,,3.2198,38,0,,0,635,0,0,372,19.7,363,9,40.3333,7.8424,2.5815926016,2.6841319815999998,2.5766754168,1.5925,32.9184,34.2259,32.8557,1123,9,0,0.0,3.043,0.98,0.6229,1132.0,36806240461.9021,254990455.0899,51777920.978,640532629946.5284,1.9993,107.9731,282,0,0.0,0,0.0,0,0.0,0,0.0,1998.0,194.998189082306,0.0,100.0,99.4173,0.4930520000000001,0.0896459,Travis,delta-wye
31,p3uhs14_1247--p3udt448,p3udt448-p3uhs14_1247x,p3uhs14_1247,7.8944,4.9514,2.7162,0.0,0.0,2.943,0.9249,25.3113,0.0174,3.4015,12.47,6.4911,0.1952,0.0,0.0,0.0,6.2959,0.8496,0.0751,5.9056,0.01429754921256541,0,0,,,15,0,,0,210,0,0,168,9.375,140,28,5.0,3.7948,1.2626855468,1.2589970012,1.273117452,0.779,33.2741,33.1769,33.549,425,29,0,0.0,2.7024,0.9797,0.4868,454.0,15815525674.8737,132195421.2469,27135743.8135,326587121590.17896,1.9983,59.4689,156,0,0.0,0,0.0,0,0.0,0,0.0,2000.0,418.855759290214,0.0,100.0,98.6583,0.8944540000000001,0.447227,Travis,delta-wye
32,p3uhs20_1247--p3udt15957,p3udt15957-p3uhs20_1247x,p3uhs20_1247,21.4238,6.9788,3.0196,0.0,0.0,14.445,2.0466,9.3564,0.0101,3.0057,12.47,32.7231,0.1088,0.0,0.0,0.0,32.6143,3.1698,0.0922,5.854,0.015428150042052603,0,2,,2.0247,71,0,,0,1146,0,0,674,36.575,670,4,167.5,14.7505,4.965431314,4.893640630499999,4.8914280555000005,2.9952,33.6628,33.1761,33.1611,2115,6,0,0.0,3.1469,0.98,0.6384,2121.0,66976056986.6163,465786027.21599996,94579848.4598,1154950157607.4846,1.9996,138.8386,348,0,0.0,0,0.0,0,0.0,0,0.0,1997.0,202.31878895633545,0.0,100.0,99.5647,0.435281,0.0,Travis,delta-wye
33,p3uhs10_1247--p3udt18580,p3udt18580-p3uhs10_1247x,p3uhs10_1247,10.6425,4.4862,2.5171,0.0,0.0,6.1563,2.9571,28.8222,0.0191,5.3907,12.47,8.3506,0.0,0.0,0.0,0.0,8.3506,1.7297,0.0936,9.1068,0.014965294817915215,0,1,,4.0738,18,0,,0,291,0,0,186,9.15,186,0,0.0,3.6752,1.2612330848,1.26647392,1.1474929952,0.7551,34.3174,34.46,31.2226,558,0,0,0.0,3.0,0.9794,0.6667,558.0,16038786561.3365,105636581.1933,21703984.1582,263001607591.8089,1.9987,66.4225,173,0,0.0,0,0.0,0,0.0,0,0.0,1996.0,152.93051385497083,0.0,100.0,98.915,0.0,1.08499,Travis,delta-wye
34,p3uhs14_1247--p3udt9594,p3udt9594-p3uhs14_1247x,p3uhs14_1247,14.3072,4.2275,1.5886,0.0,0.0,10.0796,3.5476,13.9201,0.0093,2.9139,12.47,22.5901,0.0527,0.0,0.0,0.0,22.5374,5.1096,0.1093,13.8483,0.014707127159021238,0,2,,1.4822,41,0,,0,621,0,0,430,22.175,426,4,106.5,9.4009,3.0813987993,2.9435440017000003,3.3759571989999997,1.9095,32.7777,31.3113,35.911,1532,4,0,0.0,3.5721,0.98,0.6551,1536.0,72924186474.383,446325645.7244,90655503.9286,1052795465539.9988,1.9995,78.2557,199,0,0.0,0,0.0,0,0.0,0,0.0,1987.0,147.01102687785118,0.0,100.0,99.8757,0.08285,0.041425,Travis,delta-wye
35,p3uhs14_1247--p3udt2635,p3udt2635-p3uhs14_1247x,p3uhs14_1247,22.4447,9.2099,4.1125,0.0,0.0,13.2348,5.138999999999999,19.2582,0.0126,2.8881,12.47,25.595,0.7666,0.0,0.0,0.0,24.8284,4.4242,0.0868,9.2094,0.01434699927480149,0,3,,1.9315,59,0,,0,834,2,0,582,32.55,520,62,8.3871,13.422,4.46140569,4.522086552,4.43852118,2.7339,33.2395,33.6916,33.069,1712,72,0,0.0,3.0653,0.9797,0.541,1784.0,48021344986.5793,361291266.6003,73589539.3565,876174203650.8683,1.9996,124.8516,354,0,0.0,0,0.0,0,0.0,0,0.0,1995.0,494.65698516769095,0.0,100.0,98.9939,0.631727,0.374357,Travis,delta-wye
36,p3uhs14_1247--p3udt2638,p3udt2638-p3uhs14_1247x,p3uhs14_1247,11.5292,5.9824,3.3199,0.0,0.0,5.5468,2.4653,25.497,0.0161,3.18,12.47,11.1604,0.2702,0.0,0.0,0.0,10.8901,2.1343,0.0757,9.4064,0.015608896764346496,0,2,,1.709,34,0,,0,331,0,0,263,14.8,230,33,6.9697,7.0021,2.3816872919,2.2238669600000005,2.3965527502,1.4259,34.0139,31.76,34.2262,680,34,1,1.011,2.7083,0.9797,0.418,715.0,29505109792.0247,288946626.0564,58839016.8936,610735139751.0027,1.999,67.5269,168,0,0.0,0,0.0,0,0.0,0,0.0,1984.0,400.13204085276885,0.0,100.0,97.6639,1.94679,0.389358,Travis,delta-wye
37,p3uhs14_1247--p3udt3365,p3udt3365-p3uhs14_1247x,p3uhs14_1247,10.5085,3.8216,1.4542,0.0,0.0,6.687,0.9097,9.7836,0.0117,2.3816,12.47,13.654000000000002,0.1752,0.0,0.0,0.0,13.4788,0.9297,0.0818,3.8477,0.015255883747689316,0,1,,1.9605,31,0,,0,532,1,0,303,15.5,284,19,14.9474,6.4774,2.1109134086,2.2572637842000005,2.1092228072,1.3203,32.5889,34.8483,32.5628,875,20,0,0.0,2.9538,0.9798,0.5779,895.0,40804358392.7143,295313424.9853,60193232.0759,706667659315.1659,1.9992,82.5068,209,0,0.0,0,0.0,0,0.0,0,0.0,1982.0,127.00960796244058,0.0,100.0,97.6961,1.868,0.435866,Travis,delta-wye
38,p3uhs15_1247--p3udt10674,p3udt10674-p3uhs15_1247x,p3uhs15_1247,20.8796,7.9112,4.7699,0.0,0.0,12.9683,4.3386,19.4997,0.012,1.8403,12.47,25.8316,0.4226,0.0,0.0,0.0,25.409000000000002,4.2873,0.0786,9.1784,0.014879947845883226,0,1,,1.3630000000000002,58,0,,0,840,0,0,587,32.025,549,38,14.4474,13.119000000000002,4.401214596,4.356282021,4.3615033830000005,2.6813,33.5484,33.2059,33.2457,1696,40,0,0.0,2.9574,0.9795,0.55,1736.0,53042370747.0857,400842378.3117,81926527.1124,978503411967.4034,1.9996,119.0393,289,0,0.0,0,0.0,0,0.0,0,0.0,1990.0,271.9185476139123,0.0,100.0,98.0299,1.16418,0.80597,Travis,delta-wye
39,p3uhs13_1247--p3udt26287,p3udt26287-p3uhs13_1247x,p3uhs13_1247,21.1721,7.7538,5.452999999999999,0.0,0.0,13.4183,4.6733,20.7637,0.0119,2.2126,12.47,27.5972,0.8724,0.0,0.0,0.0,26.7248,5.8349,0.079,11.9642,0.015469298419130157,0,2,,1.3716,66,0,,0,762,0,0,580,34.65,538,42,12.8095,14.0755,4.76258618,4.6337249775,4.6791888425,2.8639,33.836,32.9205,33.2435,1727,57,0,0.0,3.0759,0.9799,0.5264,1784.0,74880553855.977,590798709.7577,120208370.692,1454378470352.9104,1.9996,89.5302,242,0,0.0,0,0.0,0,0.0,0,0.0,1979.0,151.7327299496974,0.0,100.0,98.4831,1.4310200000000002,0.08586150000000001,Travis,delta-wye
40,p3uhs15_1247--p3udt2707,p3udt2707-p3uhs15_1247x,p3uhs15_1247,21.923000000000002,7.7368,3.1834,0.0,0.0,14.1861,2.8979,11.9303,0.0112,2.5052,12.47,29.0506,0.5043,0.0,0.0,0.0,28.5463,3.4895,0.0776,6.8458,0.014874843002737637,0,4,,1.6078,64,0,,0,1186,0,0,712,35.1,681,31,21.9677,14.0572,4.6052230632,4.8437175184,4.6082734756,2.8663,32.7606,34.4572,32.7823,1915,38,0,0.0,2.7430000000000003,0.9799,0.5958,1953.0,74874371577.4845,538927146.3842,109888393.0387,1345668429272.7534,1.9996,135.6642,332,0,0.0,0,0.0,0,0.0,0,0.0,1986.0,217.82473154935346,0.0,100.0,99.2811,0.619732,0.0991572,Travis,delta-wye
41,p3uhs10_1247--p3udt7392,p3udt7392-p3uhs10_1247x,p3uhs10_1247,20.3944,4.1831,1.8598,0.0,0.0,16.2112,5.7493,18.5145,0.0175,2.042,12.47,20.7037,0.0139,0.0,0.0,0.0,20.6898,4.6098,0.0753,11.2166,0.017786641238431322,0,2,,1.4192,46,0,,0,940,0,0,665,22.85,663,2,331.5,9.4838,3.1050340552,3.0901255216,3.2886309394,1.9262,32.7404,32.5832,34.6763,1161,2,1,1.05,1.7477,0.98,0.588,1164.0,31291108165.6011,254947644.7233,51780508.5366,614262733319.5692,1.9995,124.7343,318,0,0.0,0,0.0,0,0.0,0,0.0,1987.0,176.9688297161253,0.0,100.0,99.5763,0.388418,0.0353107,Travis,delta-wye
42,p3uhs15_1247--p3udt29990,p3udt29990-p3uhs15_1247x,p3uhs15_1247,7.5527,3.6433,2.9274,0.0,0.0,3.9094,1.6684,30.9249,0.0175,2.5639999999999996,12.47,7.3084,0.342,0.0,0.0,0.0,6.9664,2.5613,0.0833,17.2346,0.016917640880601617,0,1,,2.0957,11,0,,0,190,0,0,175,10.75,152,23,6.6087,5.5997,1.9561935983,1.7705971415000001,1.8729092602000001,1.137,34.9339,31.6195,33.4466,401,30,1,1.3946,2.4545,0.98,0.3235,432.0,16384267600.981,212376973.0901,43122526.4885,407710362755.8922,1.9983,39.5759,105,0,0.0,0,0.0,0,0.0,0,0.0,1994.0,2097.083240497309,0.0,100.0,96.3892,3.61083,0.0,Travis,delta-wye
43,p3uhs10_1247--p3udt19559,p3udt19559-p3uhs10_1247x,p3uhs10_1247,16.3328,4.5168,0.5651,0.0,0.0,11.815999999999999,0.8028,3.1645,0.0087,2.1571,12.47,26.8914,0.0271,0.0,0.0,0.0,26.8644,1.2468,0.0767,2.8845,0.01428876168534,0,2,,1.5319999999999998,57,0,,0,1033,1,0,553,27.525,552,1,552.0,11.5946,3.8001069608,4.0225957402,3.7718857044,2.3545,32.7748,34.6937,32.5314,1881,1,0,0.0,3.4033,0.98,0.6636,1882.0,78664087821.2246,484633732.7301,98412217.5167,1150493632985.7583,1.9996,142.3894,373,0,0.0,0,0.0,0,0.0,0,0.0,1999.0,134.61269088141168,0.0,100.0,99.8686,0.131449,0.0,Travis,delta-wye
44,p3uhs15_1247--p3udt21571,p3udt21571-p3uhs15_1247x,p3uhs15_1247,6.8877,1.8216,0.4621,0.0,0.0,5.0661,1.2854,11.0455,0.0119,1.7885,12.47,8.9336,0.0258,0.0,0.0,0.0,8.9078,1.3912,0.092,8.793,0.015402835963838284,0,0,,,20,0,,0,390,0,0,230,11.4,227,3,75.6667,4.558,1.5194503220000002,1.5119296219999998,1.5266200559999998,0.9281,33.3359,33.1709,33.4932,577,3,0,0.0,2.5217,0.9798,0.6076,580.0,35054536547.5132,275481177.4651,56093678.0113,689002959726.9855,1.9988,68.0742,171,0,0.0,0,0.0,0,0.0,0,0.0,1993.0,141.20067275526625,0.0,100.0,99.3464,0.290487,0.363108,Travis,delta-wye
45,p3uhs15_1247--p3udt27016,p3udt27016-p3uhs15_1247x,p3uhs15_1247,20.367,8.0005,6.5055,0.0,0.0,12.3665,4.7312,27.349,0.015,3.3248,12.47,20.7194,0.8316,0.0,0.0,0.0,19.8878,5.468999999999999,0.0781,13.311,0.01523487020266401,0,2,,2.1398,48,0,,0,606,0,0,517,26.225,462,55,8.4,10.4324,3.4451123168000004,3.3911455116,3.5961421716000004,2.1868,33.0232,32.5059,34.4709,1297,63,0,0.0,2.6306,0.9788,0.5202,1360.0,43584252096.945,334329145.6312,70079353.7053,840438978854.6897,1.9994,78.0013,209,0,0.0,0,0.0,0,0.0,0,0.0,1996.0,407.13528172929716,0.0,100.0,96.6381,1.44082,1.9211,Travis,delta-wye
46,p3uhs10_1247--p3udt19881,p3udt19881-p3uhs10_1247x,p3uhs10_1247,24.4555,8.0775,5.2172,0.0,0.0,16.378,10.1464,34.584,0.0215,3.0936,12.47,19.9687,0.1386,0.0,0.0,0.0,19.8301,8.716000000000001,0.0804,19.62,0.01759360236423775,0,1,,1.6826,57,0,,0,612,0,0,568,21.37,560,8,70.0,8.1032,2.7725584992,2.6560993088,2.674542192,1.6977,34.2156,32.7784,33.006,1127,8,0,0.0,1.9982,0.9785,0.6381,1135.0,28980122523.601,206900983.3636,43347638.1411,545643364166.82794,1.9994,104.781,213,0,0.0,0,0.0,0,0.0,0,0.0,1998.0,167.9693094024085,0.0,100.0,97.2641,0.436162,2.29976,Travis,delta-wye
47,p3uhs23_1247--p3udt18382,p3udt18382-p3uhs23_1247x,p3uhs23_1247,15.3959,7.4357,3.9204,0.0,0.0,7.9602,2.5814,19.0826,0.0129,2.5257,12.47,18.6759,1.6396,0.0,0.0,0.0,17.0363,3.0823,0.10800000000000001,9.0465,0.015615302791504884,0,2,,1.8028,45,0,,0,545,1,0,389,24.525,344,45,7.6444,9.55,3.1798157500000004,3.1833779,3.1867967999999998,2.04,33.2965,33.3338,33.3696,1133,63,0,0.0,3.0746,0.9786,0.4739,1196.0,45385092330.3253,362399006.78,77411732.2251,930660024582.9644,1.9993,105.9511,258,0,0.0,0,0.0,0,0.0,0,0.0,2001.0,188.18044605374908,0.0,100.0,92.9104,4.157780000000002,2.93177,Travis,delta-wye
48,p3uhs23_1247--p3udt10896,p3udt10896-p3uhs23_1247x,p3uhs23_1247,26.8369,6.6545,3.6710000000000003,0.0,0.0,20.1824,11.4951,26.33,0.0153,3.3141,12.47,30.7635,0.0668,0.0,0.0,0.0,30.6967,11.9652,0.0847,20.7727,0.017539038655888416,0,2,,2.4069,50,0,,0,725,0,0,654,27.45,651,3,217.0,10.8178,3.6312325616,3.6254017674,3.5611656710000004,2.2156,33.5672,33.5133,32.9195,1750,4,0,0.0,2.682,0.9791,0.6507,1754.0,48966882888.3648,302004744.2064,61852626.6493,766328925476.3964,1.9996,97.7789,248,0,0.0,0,0.0,0,0.0,0,0.0,1993.0,125.09875905336807,0.0,100.0,97.801,0.383944,1.81501,Travis,delta-wye
49,p3uhs13_1247--p3udt28604,p3udt28604-p3uhs13_1247x,p3uhs13_1247,20.1642,7.7348,4.9526,0.0,0.0,12.4294,2.5851,16.1245,0.0113,2.0896,12.47,26.5824,0.4831,0.0,0.0,0.0,26.0994,4.5354,0.0766,9.7021,0.01491719260710009,0,3,,1.2547,74,0,,0,859,1,0,625,34.35,573,52,11.0192,13.7842,4.555967568200001,4.6646973378,4.563535094,2.8086,33.0521,33.8409,33.107,1727,55,0,0.0,2.8512,0.9797,0.5523,1782.0,60960056195.7906,471542306.1518,96080077.7458,1175071790306.059,1.9996,100.0327,254,0,0.0,0,0.0,0,0.0,0,0.0,1979.0,662.0142013364908,0.0,100.0,97.6013,1.91898,0.479744,Travis,delta-wye
50,p3uhs4_1247--p3udt9213,p3udt9213-p3uhs4_1247x,p3uhs4_1247,20.9494,9.6034,4.7668,0.0,0.0,11.345999999999998,2.1412,14.9471,0.0129,2.4617,12.47,25.2666,1.099,0.0,0.0,0.0,24.1677,2.6063,0.0812,5.6394,0.015539133257567797,0,2,,1.4658,56,0,,0,880,1,0,575,32.525,507,68,7.4559,13.0586,4.562531195399999,4.2489550336,4.247113771,2.7321,34.9389,32.5376,32.5235,1545,81,0,0.0,2.8278,0.9789,0.5028,1626.0,49653958302.7568,398775918.7557,83432284.9053,993231853503.7872,1.9996,112.4847,307,0,0.0,0,0.0,0,0.0,0,0.0,1980.0,869.3879284024672,0.0,100.0,96.3667,1.98435,1.64897,Travis,delta-wye
51,p3uhs4_1247--p3udt2856,p3udt2856-p3uhs4_1247x,p3uhs4_1247,1.787,0.5746,0.574,0.0,0.0,1.2124,0.1026,15.3124,0.0099,0.9787,12.47,2.6315,0.0364,0.0,0.0,0.0,2.5951,0.4193,0.0641,9.4903,0.014538733917507126,0,0,,,4,0,,0,71,0,0,52,3.225,48,4,12.0,1.3342,0.20188847559999998,0.5427538942000001,0.589556296,0.2743,15.1318,40.6801,44.188,177,4,0,0.0,3.4808,0.9782,0.5557,181.0,15375355603.1043,113331933.8827,23304687.3698,273953159226.5828,1.9956,33.3757,91,0,0.0,0,0.0,0,0.0,0,0.0,1972.0,277.7181571750517,0.0,100.0,95.3704,1.2345700000000002,3.39506,Travis,delta-wye
52,p3uhs4_1247--p3udt14887,p3udt14887-p3uhs4_1247x,p3uhs4_1247,20.5917,12.1246,7.5248,0.0,0.0,8.4671,2.8112,23.906,0.0142,2.0704,12.47,22.6442,1.6054,0.0,0.0,0.0,21.0388,4.1397,0.0691,9.5746,0.015573698276259594,0,4,,1.3338,65,0,,0,676,5,0,551,39.9,441,110,4.0091,16.6,5.4757755999999995,5.561813400000001,5.562411,3.8264,32.9866,33.5049,33.5085,1327,126,1,0.8623,2.6341,0.9776,0.3278,1454.0,47645041893.9316,543953843.0237,125386074.9717,1307453350459.3313,1.9995,101.0479,259,0,0.0,0,0.0,0,0.0,0,0.0,1971.0,275.4983026552488,0.0,100.0,91.9493,3.80171,4.24898,Travis,delta-wye
53,p3uhs6_1247--p3udt18941,p3udt18941-p3uhs6_1247x,p3uhs6_1247,17.0913,6.885,3.5237,0.0,0.0,10.2063,2.4444,14.3295,0.01,1.7645,12.47,24.5573,0.8119,0.0,0.0,0.0,23.7453,4.7092,0.0751,11.3069,0.0144369741063112,0,2,,0.9639,64,0,,0,786,0,0,568,30.325,518,50,10.36,13.2862,4.2790332892,4.6401123466000005,4.3670543642,2.7239999999999998,32.2066,34.9243,32.8691,1643,57,1,0.8405,2.9895,0.9795,0.53,1701.0,67536223518.6142,527511163.4916,108151960.7995,1204018799648.422,1.9995,88.9688,233,0,0.0,0,0.0,0,0.0,0,0.0,1978.0,276.9863534319798,0.0,100.0,98.0675,1.18258,0.7499279999999999,Travis,delta-wye
54,p3uhs6_1247--p3udt31448,p3udt31448-p3uhs6_1247x,p3uhs6_1247,25.6443,12.1608,6.1028,0.0,0.0,13.4834,3.9022,16.5847,0.0121,2.1936,12.47,34.6817,1.0122,0.0,0.0,0.0,33.6695,7.7424,0.0962,12.8343,0.016413510845072053,0,2,,1.1258,72,0,,0,1077,2,0,777,39.875,705,72,9.7917,17.0113,5.684155782,5.6536885437,5.673438663,3.5397,33.414,33.2349,33.351,2028,84,1,0.9963,2.7159,0.9791,0.501,2113.0,67516345052.0164,543559286.6536,113101902.1137,1274119384263.6687,1.9997,101.8161,274,0,0.0,0,0.0,0,0.0,0,0.0,1980.0,367.93354463321543,0.0,100.0,97.035,1.54987,1.41509,Travis,delta-wye
55,p3uhs12_1247--p3udt14918,p3udt14918-p3uhs12_1247x,p3uhs12_1247,9.2164,3.1342,0.8008,0.0,0.0,6.0822,0.8217,6.3939,0.0083,2.4458,12.47,16.1598,0.0,0.0,0.0,0.0,16.1598,0.8745,0.0647,3.4463,0.014493138203012847,0,1,,1.8392,21,0,,0,539,0,0,287,15.325,287,0,0.0,7.456,2.455022208,2.3826990080000003,2.618278784,1.515,32.9268,31.9568,35.1164,1114,0,1,0.8540000000000001,3.8715,0.9799,0.5903,1115.0,55025259138.0989,367955387.6658,74765238.3104,756288875597.6396,1.9993,88.4578,224,0,0.0,0,0.0,0,0.0,0,0.0,1988.0,125.69049162958882,0.0,100.0,99.6266,0.186683,0.186683,Travis,delta-wye
56,p3uhs6_1247--p3udt31726,p3udt31726-p3uhs6_1247x,p3uhs6_1247,9.242,6.1992,5.0153,0.0,0.0,3.0429,1.0254,32.6486,0.0154,2.2762,12.47,9.2602,0.9027,0.0,0.0,0.0,8.3575,2.5407,0.1153,13.7319,0.015407982109332427,0,1,,1.7719,28,0,,0,218,0,0,236,15.45,176,60,2.9333,8.0358,2.9150346648000003,2.4865497372000003,2.634215598,1.6517,36.2756,30.9434,32.781,532,67,2,1.8891,2.5359,0.9784,0.2849,601.0,31028675846.9198,414875044.8992,85276199.6221,797658971439.12,1.9987,45.8635,114,0,0.0,0,0.0,0,0.0,0,0.0,1989.0,2482.972324486252,0.0,100.0,93.9462,4.26009,1.79372,Travis,delta-wye
57,p3uhs12_1247--p3udt14513,p3udt14513-p3uhs12_1247x,p3uhs12_1247,18.75,10.3436,3.6549,0.0,0.0,8.4065,2.1857,14.9899,0.0142,2.8635,12.47,20.2131,0.7659999999999999,0.0,0.0,0.0,19.4471,2.9248,0.0834,7.5067,0.015324590435276574,0,1,,1.1743,58,0,,0,831,1,0,512,27.625,446,66,6.7576,10.9748,3.646432174,3.7474661827999993,3.5809016432,2.2643,33.2255,34.1461,32.6284,1244,75,0,0.0,2.5762,0.9794,0.5016,1319.0,45580222058.967995,379252973.4226,78247639.5106,954627471098.55,1.9995,101.398,291,0,0.0,0,0.0,0,0.0,0,0.0,1990.0,1602.1358116861404,0.0,100.0,98.0386,1.1114700000000002,0.849951,Travis,delta-wye
58,p3uhs8_1247--p3udt31404,p3udt31404-p3uhs8_1247x,p3uhs8_1247,7.8027,6.2746,5.678,0.0,0.0,1.5281,0.4165,52.1963,0.0305,2.3609999999999998,12.47,3.8734,0.503,0.0,0.0,0.0,3.3704,0.5125,0.0724,4.3896,0.015130559994115125,0,1,,2.0381,17,0,,0,139,2,0,128,15.175,87,41,2.122,7.6618,2.5198587547999995,2.4724935072000003,2.669447738,1.7812,32.8886,32.2704,34.841,209,45,2,2.0404,1.9845,0.9784,0.134,256.0,10479453786.1085,313639076.1869,72913470.6859,621194184391.3926,1.9974,36.0633,90,0,0.0,0,0.0,0,0.0,0,0.0,1981.0,758.7986474736673,0.0,100.0,95.228,3.28738,1.48462,Travis,delta-wye
59,p3uhs1_1247--p3udt17241,p3udt17241-p3uhs1_1247x,p3uhs1_1247,11.0189,5.6356,3.6210000000000004,0.0,0.0,5.3833,1.5498,21.3537,0.0133,2.4567,12.47,13.1965,0.9389,0.0,0.0,0.0,12.2576,2.8541,0.1039,11.7862,0.015976407051549825,0,2,,2.0148,38,0,,0,363,1,0,296,21.225,246,50,4.92,8.3034,2.7814231116,2.7262221083999996,2.79575478,2.0049,33.4974,32.8326,33.67,765,61,0,0.0,2.7905,0.9779,0.3873,826.0,35301933705.7785,354875594.3197,85685567.112,907122933299.2115,1.9991,67.9101,177,0,0.0,0,0.0,0,0.0,0,0.0,1992.0,204.56990008746047,0.0,100.0,95.7643,0.736648,3.49908,Travis,delta-wye
60,p3uhs24_1247--p3udt28157,p3udt28157-p3uhs24_1247x,p3uhs24_1247,15.9703,10.4253,5.6155,0.0,0.0,5.5449,1.2535,22.0626,0.013999999999999999,2.4408,12.47,15.1634,1.4366,0.0,0.0,0.0,13.7269,1.1026,0.0718,3.5415,0.013336340327372971,0,2,,1.7773,40,0,,0,683,0,0,443,30.475,331,112,2.9554,11.9875,3.9967643625,3.996524612500001,3.994211025,2.4595,33.3411,33.3391,33.3198,1011,126,0,0.0,2.5666,0.9795,0.3848,1137.0,45683727264.1348,481648264.9924,98819360.0671,1224460499889.6262,1.9994,89.8296,224,0,0.0,0,0.0,0,0.0,0,0.0,1986.0,1435.792525305358,0.0,100.0,88.8806,10.4081,0.711344,Travis,delta-wye
61,p3uhs2_1247--p3udt11804,p3udt11804-p3uhs2_1247x,p3uhs2_1247,13.5277,8.6434,6.5015,0.0,0.0,4.8844,2.5225,36.4493,0.0167,2.5237,12.47,11.2299,0.8199,0.0,0.0,0.0,10.41,3.9397,0.0707,15.9133,0.013881184706965729,0,6,,1.4580000000000002,27,0,,0,285,1,0,314,30.15,253,61,4.1475,13.2951,4.4485936404,4.4162732523,4.4302331073,2.9628,33.4604,33.2173,33.3223,731,77,1,1.3706,2.5683,0.9795,0.2493,809.0,30569557434.6231,502380477.0405,111956254.0413,1139273370400.352,1.999,76.4454,180,0,0.0,0,0.0,0,0.0,0,0.0,1986.0,487.95114287979624,0.0,100.0,96.5767,2.7001,0.72324,Travis,delta-wye
62,p3uhs2_1247--p3udt24404,p3udt24404-p3uhs2_1247x,p3uhs2_1247,15.9981,5.0431,2.5967,0.0,0.0,10.955,2.3948,12.6106,0.0096,2.2476,12.47,23.5834,0.2382,0.0,0.0,0.0,23.3452,2.8946,0.0885,7.313,0.014121769203935531,0,3,,0.9744,46,0,,0,769,0,0,511,28.25,500,11,45.4545,11.6927,3.860227978,3.889459728,3.943012294,2.448,33.014,33.264,33.722,1658,12,0,0.0,3.2681,0.98,0.5956,1670.0,75358552465.96,527631571.1886,110465703.5285,1274777908481.0547,1.9995,90.0763,231,0,0.0,0,0.0,0,0.0,0,0.0,1978.0,108.99443843077377,0.0,100.0,99.3969,0.532104,0.0709471,Travis,delta-wye
63,p3uhs1_1247--p3udt16112,p3udt16112-p3uhs1_1247x,p3uhs1_1247,14.7621,5.987,4.6992,0.0,0.0,8.7752,3.6782,27.7874,0.0138,1.9528,12.47,15.3859,0.2846,0.0,0.0,0.0,15.1014,3.9722,0.0579,13.1757,0.01440629897863074,0,1,,1.1769,45,0,,0,433,0,0,358,20.195,335,23,14.5652,9.674,3.212213004,3.352892312,3.1088946839999996,1.9717,33.2046,34.6588,32.1366,1043,23,2,1.3643,2.9749,0.9795,0.4841,1068.0,35795508081.8762,324237464.9119,66085123.7005,676863563402.1437,1.9993,55.1176,143,0,0.0,0,0.0,0,0.0,0,0.0,1987.0,295.8378707847631,0.0,100.0,96.8366,2.36072,0.8026439999999999,Travis,delta-wye
64,p3uhs12_1247--p3udt23934,p3udt23934-p3uhs12_1247x,p3uhs12_1247,11.2131,6.8134,4.131,0.0,0.0,4.3997,1.0846,25.163,0.0186,3.1437,12.47,9.514,0.8799,0.0,0.0,0.0,8.6341,1.3727,0.0837,6.6229,0.01575161367327431,0,2,,2.3388,19,0,,0,332,1,0,217,15.4,169,48,3.5208,6.1246,1.9561421186,1.9425945034,2.2258695025999997,1.3129,31.9391,31.7179,36.3431,544,60,0,0.0,2.7834,0.9773,0.3587,604.0,22523236371.5877,228385304.0929,48959746.9359,574267947222.5996,1.9988,55.4936,138,0,0.0,0,0.0,0,0.0,0,0.0,2002.0,513.8231305444123,0.0,100.0,92.9761,3.11369,3.91021,Travis,delta-wye
65,p3uhs12_1247--p3udt18678,p3udt18678-p3uhs12_1247x,p3uhs12_1247,19.5506,12.0643,9.5384,0.0,0.0,7.4863,2.6465,37.2632,0.0195,2.9015,12.47,13.1489,0.9256,0.0,0.0,0.0,12.2233,2.0418,0.0885,6.2442,0.013122698615508677,0,2,,2.0726,29,0,,0,519,1,1,386,23.925,306,80,3.825,9.5181,3.2939859756,3.1614273969000006,3.0626961456,1.9619,34.6076,33.2149,32.1776,913,89,0,0.0,2.5959,0.9794,0.4045,1002.0,32193754763.081,305811620.7512,63035719.6092,768698186334.042,2.0,74.4887,183,0,0.0,0,0.0,0,0.0,0,0.0,2005.0,1102.4601005086083,0.0,100.0,98.0942,1.2474,0.658351,Travis,delta-wye
66,p3uhs24_1247--p3udt7003,p3udt7003-p3uhs24_1247x,p3uhs24_1247,13.9477,7.0226,4.3355,0.0,0.0,6.9252,4.7056,35.0398,0.0192,3.426,12.47,11.8547,0.4174,0.0,0.0,0.0,11.4373,5.3518,0.1134,20.7414,0.016328826377114615,0,1,,2.3255,37,0,,0,326,0,0,291,15.075,263,28,9.3929,6.0469,1.9599151811,1.96947533,2.1175094889,1.2392,32.4119,32.57,35.0181,692,34,0,0.0,2.4948,0.9791,0.5429999999999999,726.0,23316409723.8307,194203187.6861,39798727.5448,484152722571.28,1.999,52.1374,140,0,0.0,0,0.0,0,0.0,0,0.0,1992.0,1775.5835690653112,0.0,100.0,78.7053,19.3356,1.95911,Travis,delta-wye
67,p3uhs25_1247--p3udt13676,p3udt13676-p3uhs25_1247x,p3uhs25_1247,28.4069,15.0451,7.2775,0.0,0.0,13.3618,8.0971,32.2495,0.0229,2.8998,12.47,19.267,1.5109,0.0,0.0,0.0,17.7561,6.609,0.0715,13.863,0.015563045024387559,0,2,,1.7126,57,0,,0,781,2,0,601,33.685,500,101,4.9505,13.1598,4.3716592404000005,4.4278647462,4.3602760134,2.7171,33.2198,33.6469,33.1333,1116,122,0,0.0,2.0599,0.9793,0.4295,1238.0,27387420117.4375,291124505.2112,60109228.3633,745190021531.4042,1.9995,114.4841,323,0,0.0,0,0.0,0,0.0,0,0.0,1991.0,1105.423048035538,0.0,100.0,98.5791,0.864909,0.556013,Travis,delta-wye
68,p3uhs24_1247--p3udt10352,p3udt10352-p3uhs24_1247x,p3uhs24_1247,19.0583,9.4609,2.8443,0.0,0.0,9.5973,2.3823,12.5447,0.0122,3.1105,12.47,22.6057,0.4326,0.0,0.0,0.0,22.173000000000002,0.6843,0.1091,1.6424,0.014518733287392168,0,2,,1.3311,57,0,,0,836,0,0,466,26.525,427,39,10.9487,10.8327,3.6136478949,3.6105172445999996,3.6085456932,2.2682,33.3587,33.3298,33.3116,1516,41,0,0.0,3.3412,0.9765,0.5576,1557.0,44755411718.5355,311381739.7026,65198715.9882,762451699315.4462,1.9995,133.9949,305,0,0.0,0,0.0,0,0.0,0,0.0,1987.0,537.2848214925348,0.0,100.0,87.626,5.03829,7.33575,Travis,delta-wye
69,p3uhs26_1247--p3udt26126,p3udt26126-p3uhs26_1247x,p3uhs26_1247,18.9753,4.7757,1.7288,0.0,0.0,14.1996,3.312,11.4268,0.0107,2.2893,12.47,25.1388,0.0654,0.0,0.0,0.0,25.0734,2.9906,0.0716,6.7793,0.014234884667783918,0,2,,1.3413,53,0,,0,822,0,0,502,26.525,496,6,82.6667,11.2166,3.6925383698,3.8816502458,3.6424113844,2.2937,32.9203,34.6063,32.4734,1760,6,0,0.0,3.5179,0.9793,0.6209,1766.0,67315300716.5317,427545625.6634,87428883.3388,1011063619199.3176,1.9996,82.0314,216,0,0.0,0,0.0,0,0.0,0,0.0,1997.0,114.93255935825606,0.0,100.0,97.8731,0.493733,1.63312,Travis,delta-wye
70,p3uhs26_1247--p3udt15759,p3udt15759-p3uhs26_1247x,p3uhs26_1247,21.601,11.1304,7.6187,0.0,0.0,10.4705,7.2626,39.474000000000004,0.0196,3.1725,12.47,16.0979,0.3643,0.0,0.0,0.0,15.7335,6.1516,0.0996,16.3178,0.014607866542485574,0,1,,2.8560000000000003,42,0,,0,530,0,0,390,21.075,366,24,15.25,8.5693,2.8343988066000003,2.7915094601,2.9433917333000004,1.7493,33.0762,32.5757,34.3481,1071,31,0,0.0,2.8256,0.9795,0.5666,1102.0,18406393544.1204,143131169.0548,29218506.6938,352009749493.9539,1.9993,70.9984,171,0,0.0,0,0.0,0,0.0,0,0.0,2001.0,2012.652190589364,0.0,100.0,75.25399999999998,23.3672,1.37881,Travis,delta-wye
71,p3uhs9_1247--p3udt32034,p3udt32034-p3uhs9_1247x,p3uhs9_1247,7.1304,5.8686,5.4273,0.0,0.0,1.2619,1.2588,82.9751,0.1455,3.8445,12.47,0.9274,0.4485,0.0,0.0,0.0,0.479,0.1976,0.0604,2.4523,0.01892717953476449,0,3,,2.9954,5,0,,0,33,0,1,38,8.5,16,22,0.7273,3.8125,1.267374125,1.2800659375,1.2650599375,1.177,33.2426,33.5755,33.1819,22,26,1,0.977,1.2564,0.9567,0.0311,49.0,1697772187.0949,132097990.0405,40782380.9892,294511501842.9847,2.0,18.3066,44,0,0.0,0,0.0,0,0.0,0,0.0,1988.0,959.0884375083788,0.0,100.0,0.0,22.449,77.551,Travis,delta-wye
72,p3uhs9_1247--p3udt22171,p3udt22171-p3uhs9_1247x,p3uhs9_1247,9.4893,3.2206,3.2206,0.0,0.0,6.2687,5.8151,60.6058,0.0465,3.3078,12.47,5.4196,0.0928,0.0,0.0,0.0,5.3269,4.6156,0.0734,30.9588,0.02656687677297951,0,1,,1.5903,14,0,,0,19,0,0,109,5.175,100,9,11.1111,1.722,0.5850563879999999,0.5704469400000001,0.566496672,0.3876,33.9754,33.126999999999995,32.8976,195,9,0,0.0,1.8716,0.973,0.4331,204.0,6508221348.0674,54937596.8633,12367126.6581,165098262138.4745,1.9963,20.5129,54,0,0.0,0,0.0,0,0.0,0,0.0,1967.0,194.0770090005028,0.0,100.0,80.1262,4.73186,15.142,Travis,delta-wye
73,p3uhs23_1247--p3udt6423,p3udt6423-p3uhs23_1247x,p3uhs23_1247,28.3927,7.6165,6.603,0.0,0.0,20.7762,15.6327,44.7308,0.0298,3.7753,12.47,21.3172,0.1011,0.0,0.0,0.0,21.2161,13.2731,0.0929,26.7011,0.022345112630749283,0,1,,2.5388,48,0,,0,437,0,0,584,17.7,579,5,115.8,6.1597,2.0423470902000003,2.0457472446000002,2.0715995055,1.2723,33.1566,33.2118,33.6315,949,5,0,0.0,1.6336,0.9788,0.6477,954.0,18921613798.0759,122172165.9092,25234051.4553,351061388077.509,1.9993,84.7076,252,0,0.0,0,0.0,0,0.0,0,0.0,1979.0,130.9814978529967,0.0,100.0,97.1507,0.712329,2.13699,Travis,delta-wye
74,p3uhs27_1247--p3udt14575,p3udt14575-p3uhs27_1247x,p3uhs27_1247,8.7194,0.9244,0.9244,0.0,0.0,7.795,7.7511,63.7349,0.0528,2.1736,12.47,4.8925,0.0459,0.0,0.0,0.0,4.8465,4.5289,0.1019,33.2719,0.029651301151571087,0,2,,0.5791,7,0,,0,4,0,0,98,2.915,97,1,97.0,1.0172,0.3971514992,0.21675718240000005,0.4032913184,0.2133,39.0436,21.3092,39.6472,164,1,0,0.0,1.6837,0.9773,0.5785,165.0,5704201707.0025,35166915.6227,7372541.4878,100774230157.0443,1.9954,18.8985,44,0,0.0,0,0.0,0,0.0,0,0.0,1984.0,65.45912799338689,0.0,100.0,92.8251,0.44843,6.72646,Travis,delta-wye
75,p3uhs28_1247--p3udt23967,p3udt23967-p3uhs28_1247x,p3uhs28_1247,4.5717,4.5717,4.5717,0.0,0.0,0.0,0.0,55.7981,0.044000000000000004,1.7795,12.47,3.6216,3.6216,0.0,0.0,0.0,0.0,0.0,0.1268,0.0,0.03482279459618634,0,2,,0.3761,0,0,,0,0,0,0,57,4.275,0,57,0.0,0.5437,0.18123315210000002,0.18123315210000002,0.18123315210000002,0.1141,33.3333,33.3333,33.3333,0,104,0,0.0,1.8246,0.9768,0.0,104.0,4860991663.3846,25414358.373000003,5331549.9069,199814801547.7821,1.9922,15.0449,39,0,0.0,0,0.0,0,0.0,0,0.0,1985.0,87.06315572837092,0.0,100.0,92.3611,0.0,7.638889999999999,Travis,delta-wye
76,p3uhs18_1247--p3udt7679,p3udt7679-p3uhs18_1247x,p3uhs18_1247,26.4171,5.0571,4.7686,0.0,0.0,21.36,20.8343,69.6036,0.0647,5.0616,12.47,10.3667,0.2254,0.0,0.0,0.0,10.1414,9.5743,0.1094,26.0286,0.02540863563968643,0,1,,2.3122,24,0,,0,36,0,0,291,8.41,282,9,31.3333,2.6983,0.9005468318000002,0.9893262984,0.8084268698,0.5759,33.3746,36.6648,29.9606,398,10,0,0.0,1.4021,0.9763,0.5834,408.0,7102751597.7854,46974720.8343,10026045.2762,146407208179.8413,1.9983,41.1326,108,0,0.0,0,0.0,0,0.0,0,0.0,1988.0,214.6134109960329,0.0,100.0,91.1323,2.04638,6.8212800000000025,Travis,delta-wye
77,p3uhs17_1247--p3udt16962,p3udt16962-p3uhs17_1247x,p3uhs17_1247,25.7255,8.5692,6.886,0.0,0.0,17.1563,15.1441,45.7527,0.0335,4.5416,12.47,22.4247,0.623,0.0,0.0,0.0,21.8017,17.2869,0.0911,35.9021,0.029236953117593056,0,2,,2.1838,53,0,,0,167,0,0,462,15.65,434,28,15.5,5.5952,1.8968623232,1.9086402191999998,1.7896974576,1.1819,33.9016,34.1121,31.9863,735,32,0,0.0,1.6602,0.9776,0.5426,767.0,16465625224.508001,120116109.6965,25371720.9588,335967450799.9362,1.9991,64.0523,181,0,0.0,0,0.0,0,0.0,0,0.0,1989.0,823.0751988609723,0.0,100.0,92.3845,3.87016,3.74532,Travis,delta-wye
78,p3uhs7_1247--p3udt25200,p3udt25200-p3uhs7_1247x,p3uhs7_1247,5.353,4.7011,4.3374,0.0,0.0,0.6519,0.2008,63.6089,0.0465,3.5466,12.47,1.7815,0.2093,0.0,0.0,0.0,1.5722,0.2538,0.1047,3.5573,0.015491001372753475,0,0,,,6,0,,0,64,0,0,67,4.6,43,24,1.7917,3.7721,1.2332352856000002,1.1672801171,1.3715845972999998,0.7659,32.6936,30.9451,36.3613,87,26,2,1.9287,1.6912,0.98,0.1286,115.0,3741063619.101,122709040.9085,24916561.4,149642544764.0418,1.9944,29.0742,79,0,0.0,0,0.0,0,0.0,0,0.0,1980.0,3250.667405177539,0.0,100.0,99.1317,0.8683069999999999,0.0,Travis,delta-wye
79,p3uhs13_1247--p3udt16402,p3udt16402-p3uhs13_1247x,p3uhs13_1247,4.795,2.7052,1.2491,0.0,0.0,2.0899,0.7028,18.1841,0.0137,2.1621,12.47,5.9395,0.2487,0.0,0.0,0.0,5.6908,1.2775,0.077,11.9011,0.01701858631760605,0,0,,,19,0,,0,223,1,0,153,7.675,140,13,10.7692,2.9837,0.9469428364,1.0394942267,0.9972629368999998,0.6274,31.7372,34.8391,33.4237,335,14,0,0.0,2.281,0.9783,0.5365,349.0,19002765491.1026,162458374.4573,34159707.794,417897493249.8923,1.9981,65.9021,167,0,0.0,0,0.0,0,0.0,0,0.0,1981.0,502.0127210653487,0.0,100.0,87.632,9.35143,3.0165900000000003,Travis,delta-wye
80,p3uhs2_1247--p3umv35,p3uhs2_1247-p3umv35x,p3uhs2_1247,4.1345,3.522,3.0082,0.0,0.0,0.6125,0.2551,65.3149,0.0899,2.2529,12.47,0.8617,0.2548,0.0,0.0,0.0,0.6069,0.2016,0.0375,4.0341,0.01873330012172044,0,1,,2.0527,7,0,,0,32,0,0,33,4.625,17,16,1.0625,5.5339,1.810360046,1.8619525957,1.8615873583,1.1449,32.714,33.6463,33.6397,26,16,4,3.8628,1.3529,0.9728,0.0265,46.0,2661717256.175,320207678.6019,66248393.0357,267618311082.8174,1.9876,13.9303,33,0,0.0,0,0.0,0,0.0,0,0.0,1985.0,1108.3362075361383,0.0,100.0,71.028,18.6916,10.2804,Travis,delta-wye
81,p3uhs2_1247--p3udt20296,p3udt20296-p3uhs2_1247x,p3uhs2_1247,4.4982,4.3165,3.2399,0.0,0.0,0.1817,0.17800000000000002,59.0109,0.0662,5.7643,12.47,1.2937,0.5237,0.0,0.0,0.0,0.77,0.6979,0.0528,12.0497,0.019025301575802653,0,1,,4.9694,6,0,,0,16,0,0,55,6.7,26,29,0.8966,3.5362,1.186342057,1.1688414031999999,1.181020076,0.7887,33.5485,33.0536,33.398,36,31,1,1.0244,1.2143,0.9756,0.0642,68.0,2040989918.2991,106136365.6032,23672205.0194,201097536067.7061,1.9909,13.7095,38,0,0.0,0,0.0,0,0.0,0,0.0,1981.0,6236.185552863281,0.0,100.0,34.4444,54.4444,11.1111,Travis,delta-wye
82,p3uhs9_1247--p3udt16174,p3udt16174-p3uhs9_1247x,p3uhs9_1247,5.8882,4.2439,3.9751,0.0,0.0,1.6443,1.5936,79.5532,0.0906,3.9773,12.47,1.1118,0.1716,0.0,0.0,0.0,0.9402,0.7317,0.061,10.4529,0.017104482958439398,0,1,,2.9545,10,0,,0,24,2,0,49,4.945,37,12,3.0833,1.6959,0.5538097122,0.5556904653,0.5863998225,0.4496,32.6558,32.7667,34.5775,51,14,0,0.0,1.3265,0.9643,0.1564,65.0,2102040972.1601,54842796.9819,14541114.1047,159916809343.567,1.9907,19.0067,54,0,0.0,0,0.0,0,0.0,0,0.0,1979.0,728.1291481757901,0.0,100.0,57.8431,8.82353,33.3333,Travis,delta-wye
83,p3uhs2_1247--p3udt18029,p3udt18029-p3uhs2_1247x,p3uhs2_1247,7.0871,5.5872,5.364,0.0,0.0,1.4998,0.6067,60.2026,0.0389,5.5212,12.47,2.8306,0.2759,0.0,0.0,0.0,2.5547,1.0654,0.0583,10.7428,0.015552801039799946,0,0,,,6,0,,0,74,1,0,90,4.925,67,23,2.9130000000000003,1.9323,0.5926306131,0.6961188041999999,0.6435505827,0.3924,30.6697,36.0254,33.3049,156,26,0,0.0,2.0222,0.98,0.3613,182.0,5978767322.0808,63478380.7429,12888962.0587,161788071765.0994,1.9962,35.7102,91,0,0.0,0,0.0,0,0.0,0,0.0,1998.0,439.2738581981969,0.0,100.0,99.7666,0.233372,0.0,Travis,delta-wye
84,p3uhs2_1247--p3udt27289,p3udt27289-p3uhs2_1247x,p3uhs2_1247,6.702999999999999,5.8663,5.1385,0.0,0.0,0.8366,0.4496,62.3616,0.0698,3.3417,12.47,2.2579,0.825,0.0,0.0,0.0,1.4329,0.9748,0.0947,10.878,0.023519679614111774,0,1,,2.7971,8,0,,0,38,1,0,69,9.6,31,38,0.8158,4.184,1.39632632,1.400317856,1.3873558240000001,1.2953,33.373000000000005,33.4684,33.1586,54,41,1,0.7881,1.3714,0.9559,0.071,96.0,3290978366.4027,143431196.5907,44403732.9744,329097836640.2684,1.9935,18.4905,55,0,0.0,0,0.0,0,0.0,0,0.0,1977.0,703.941223788491,0.0,100.0,13.0,10.0,77.0,Travis,delta-wye
85,p3uhs2_1247--p3udt20299,p3udt20299-p3uhs2_1247x,p3uhs2_1247,6.1392,5.2371,5.2359,0.0,0.0,0.902,0.8,82.4447,0.0596,4.5644,12.47,1.1819,0.2688,0.0,0.0,0.0,0.9131,0.6669,0.0453,9.1092,0.011474898253987668,0,0,,,11,0,,0,11,1,0,69,4.675,44,25,1.76,1.7969,0.6878730859000001,0.5554739001,0.553553014,0.3842,38.2811,30.9129,30.805999999999997,73,30,0,0.0,1.4928,0.9797,0.2857,103.0,3279485867.9573,57213285.4397,12231585.0731,148850450802.9152,1.993,15.581,38,0,0.0,0,0.0,0,0.0,0,0.0,1989.0,3230.822735791885,0.0,100.0,99.8681,0.0,0.131926,Travis,delta-wye
86,p3uhs2_1247--p3udt31865,p3udt31865-p3uhs2_1247x,p3uhs2_1247,4.9505,4.2131,4.1799,0.0,0.0,0.7374,0.6894,82.6139,0.1053,3.0801,12.47,0.9435,0.32899999999999996,0.0,0.0,0.0,0.6145,0.4611,0.0672,7.8239,0.02007521182968276,0,2,,2.8513,6,0,,0,9,1,0,37,3.275,17,20,0.85,3.7305,1.2169525185,1.2569173649999998,1.256626386,1.18,32.6217,33.693000000000005,33.6852,25,20,2,2.5777,1.2368,0.9557,0.027000000000000003,47.0,1761643857.5647,139826242.6041,44228141.2954,122752843266.4796,1.9864,9.9687,26,0,0.0,0,0.0,0,0.0,0,0.0,1981.0,1560.9847729413648,0.0,100.0,0.0,19.1489,80.8511,Travis,delta-wye
87,p3uhs3_1247--p3udt28548,p3udt28548-p3uhs3_1247x,p3uhs3_1247,6.3926,3.5653,2.818,0.0,0.0,2.8273,2.6302,58.3915,0.047,2.2643,12.47,2.9379,0.3649,0.0,0.0,0.0,2.573,2.1264,0.0761,22.7905,0.021601916531998302,0,0,,,11,0,,0,54,1,0,101,5.575,73,28,2.6071,2.064,0.8706075839999999,0.598815936,0.59457648,0.4257,42.1806,29.0124,28.807,106,30,0,0.0,1.3465,0.9782,0.235,136.0,6343913344.7199,96278716.2526,19857538.1921,260053800711.8628,1.9955,26.3809,84,0,0.0,0,0.0,0,0.0,0,0.0,1989.0,7270.553899821949,0.0,100.0,92.6259,5.93525,1.43885,Travis,delta-wye
88,p3uhs7_1247--p3udt19128,p3udt19128-p3uhs7_1247x,p3uhs7_1247,4.6044,4.4579,4.456,0.0,0.0,0.1465,0.1428,90.9147,0.0837,3.364,12.47,0.45399999999999996,0.3077,0.0,0.0,0.0,0.1463,0.1463,0.0364,2.8917,0.008254146624256362,0,0,,,6,0,,0,4,0,0,43,4.85,18,25,0.72,1.7694,0.5908398174,0.5855493114,0.5930091018,0.3593,33.3921,33.0931,33.5147,25,30,0,0.0,1.2791,0.98,0.14,55.0,1949979542.4688,62733609.7885,12738767.0543,171952741472.2505,1.9872,9.2881,22,0,0.0,0,0.0,0,0.0,0,0.0,1985.0,7689.777624451997,0.0,100.0,99.4094,0.590551,0.0,Travis,delta-wye
89,p3uhs2_1247--p3udt23951,p3udt23951-p3uhs2_1247x,p3uhs2_1247,5.1171,4.4257,4.4251,0.0,0.0,0.6914,0.6902,96.0894,0.3655,3.7852,12.47,0.2063,0.177,0.0,0.0,0.0,0.0293,0.0293,0.0424,0.5511,0.014736728899552144,0,0,,,2,0,,0,3,1,0,11,2.725,2,9,0.2222,1.9604,0.6381690119999999,0.6513468208000001,0.6708841672,0.4773,32.553000000000004,33.2252,34.2218,2,11,1,0.8758,1.1667,0.9628,0.0086,14.0,428936244.2826,60062985.4527,14622829.0922,83489376119.2924,1.9556,5.8263,13,0,0.0,0,0.0,0,0.0,0,0.0,1991.0,792.9145315595607,0.0,100.0,0.0,42.8571,57.1429,Travis,delta-wye
90,p3uhs2_1247--p3umv14,p3uhs2_1247-p3umv14x,p3uhs2_1247,3.6066,3.6066,3.6060000000000003,0.0,0.0,0.0,0.0,92.1299,0.1717,2.3147,12.47,0.3074,0.3074,0.0,0.0,0.0,0.0,0.0,0.0551,0.0,0.014638860747870004,0,1,,2.0789,0,0,,0,2,0,0,17,6.375,0,17,0.0,5.2842,1.7613982386000002,1.7613982386000002,1.7613982386000002,1.4454,33.3333,33.3333,33.3333,0,18,3,3.0784,1.1667,0.9557,0.0,21.0,1306551359.4146,328768134.5151,89930926.1332,396631662679.4412,1.9667,6.3701,15,0,0.0,0,0.0,0,0.0,0,0.0,1989.0,307.7726140743943,0.0,100.0,0.0,19.0476,80.9524,Travis,delta-wye
91,p3uhs3_1247--p3udt23531,p3udt23531-p3uhs3_1247x,p3uhs3_1247,2.7957,2.7957,2.7957,0.0,0.0,0.0,0.0,99.51,0.6989,2.7257,12.47,0.0138,0.0138,0.0,0.0,0.0,0.0,0.0,0.0073,0.0,0.00344124580365,0,0,,,0,0,,0,2,0,0,2,1.5,0,2,0.0,2.8975,0.9658323675,0.9658323675,0.9658323675,0.5884,33.3333,33.3333,33.3333,0,2,2,2.3353,1.3333,0.98,0.0,4.0,175572033.4737,127181923.0399,25825390.9493,65839512552.6545,1.8462,3.4359,7,0,0.0,0,0.0,0,0.0,0,0.0,2006.0,3512.459341682172,0.0,100.0,0.0,100.0,0.0,Travis,delta-wye
92,subtransmission,st_mat,,0.9674,0.9674,0.9674,0.0,0.0,0.0,0.0,100.0,,8.6382,230.0,0.0,0.0,0.0,0.0,0.0,0.0,0.0,0.0,0.0,,0,0,,,12,18,3.3254,231,273,92,78,38,2578.0,0,38,0.0,0.0,0.0,0.0,0.0,0.0,0.0,0.0,0.0,0,0,0,0.0,0.0,,,0.0,0.0,0.0,0.0,8444062661226.718,2.2852,20.834,44,0,0.0,0,0.0,0,0.0,0,0.0,,,,,,,,,
0,p4uhs3_1247--p4udt17537,p4udt17537-p4uhs3_1247x,p4uhs3_1247,21.2053,4.8844,4.8844,0.0,0.0,16.3209,15.5937,48.2335,0.0331,5.0212,12.47,21.2509,0.0479,0.0,0.0,0.0,21.2031,19.3837,0.1193,45.6557,0.0332045939111244,0,2,,2.7071,26,0,,0,48,0,0,354,10.125,352,2,176.0,3.502,1.1338530459999998,1.217484308,1.150662646,0.7145,32.3773,34.7654,32.8573,638,2,0,0.0,1.8079,0.9796,0.6566,640.0,11094133106.0982,60705103.2089,12384868.4658,175512652655.0701,1.9988,47.3699,124,0,0.0,0,0.0,0,0.0,0,0.0,1989.0,79.41466592882655,0.0,100.0,97.7726,1.28957,0.937866,Travis,delta-wye
1,p4uhs0_1247--p4udt19058,p4udt19058-p4uhs0_1247x,p4uhs0_1247,13.8608,7.7957,6.6671,0.0,0.0,6.0651,3.8733,52.5562,0.0341,3.7331,12.47,6.1947,0.1708,0.0,0.0,0.0,6.0239,2.2524,0.0608,11.231,0.015257830562182018,0,2,,2.9439,25,0,,0,217,0,0,211,10.775,191,20,9.55,4.94,1.5786165200000002,1.63119294,1.7301905400000002,1.1793,31.9558,33.0201,35.0241,385,20,1,0.7644,1.9151,0.977,0.40700000000000003,406.0,12902721953.7159,156992411.7138,37479159.3877,342430613426.8198,1.9984,60.2859,150,0,0.0,0,0.0,0,0.0,0,0.0,2005.0,1029.891935674943,0.0,100.0,94.8187,1.6407599999999998,3.5405900000000003,Travis,delta-wye
2,p4uhs3_1247--p4udt17903,p4udt17903-p4uhs3_1247x,p4uhs3_1247,9.6658,2.7031,2.7025,0.0,0.0,6.9627,5.9571,64.4887,0.0721,4.1053,12.47,3.7622,0.0006,0.0,0.0,0.0,3.7616,2.7902,0.0989,20.7789,0.028076438064424548,0,1,,1.0904,10,0,,0,39,1,0,83,2.335,82,1,82.0,0.7405,0.23642684000000005,0.244566416,0.2595067440000001,0.1542,31.928,33.0272,35.0448,133,1,0,0.0,1.6145,0.9789,0.6456,134.0,3159133283.0697,17458157.335,3635099.7689,55049076238.5653,1.9948,27.3493,65,0,0.0,0,0.0,0,0.0,0,0.0,1989.0,172.29689118548043,0.0,100.0,97.4619,0.0,2.5380700000000003,Travis,delta-wye
3,p4uhs3_1247--p4udt16430,p4udt16430-p4uhs3_1247x,p4uhs3_1247,19.6592,4.6185,4.6185,0.0,0.0,15.0406,15.0301,59.8605,0.046,6.1781,12.47,13.1648,0.0,0.0,0.0,0.0,13.1648,13.1546,0.0952,40.0763,0.03083096312286453,0,2,,3.3373,17,0,,0,0,0,0,256,6.7,256,0,0.0,2.2776,0.985927488,0.7013117592,0.5903607528000001,0.4678,43.288000000000004,30.7917,25.9203,427,0,0,0.0,1.6680000000000001,0.9791,0.6667,427.0,5955653090.8412,31766961.6803,6524392.6746,93449357631.4669,1.9983,33.7973,83,0,0.0,0,0.0,0,0.0,0,0.0,1993.0,89.59288030152315,0.0,100.0,97.5352,0.176056,2.28873,Travis,delta-wye
4,p4uhs4_1247--p4udt17398,p4udt17398-p4uhs4_1247x,p4uhs4_1247,20.5207,3.4395,3.1791,0.0,0.0,17.0812,17.0081,69.3579,0.0618,4.3559,12.47,8.585,0.0006,0.0,0.0,0.0,8.5844,8.3674,0.1159,28.7482,0.02585846363484876,0,1,,2.5994,14,0,,0,10,0,0,199,5.825,198,1,198.0,1.9964,0.5279499764,0.604529884,0.8639201395999999,0.4127,26.4451,30.281,43.2739,331,1,0,0.0,1.6683,0.9772,0.6592,332.0,6080430937.3233,36563344.882,7558604.1301,106682259668.399,1.9976,26.3066,64,0,0.0,0,0.0,0,0.0,0,0.0,1994.0,279.8687983783071,0.0,100.0,95.4142,0.147929,4.437869999999998,Travis,delta-wye
5,p4uhs6_1247--p4udt1281,p4udt1281-p4uhs6_1247x,p4uhs6_1247,29.5683,5.4801,4.0263,0.0,0.0,24.0883,19.5805,48.1076,0.0346,3.7862,12.47,19.5026,0.245,0.0,0.0,0.0,19.2576,13.3649,0.0859,27.2359,0.022836757116109684,0,2,,1.1852,38,0,,0,262,0,0,466,14.34,455,11,41.3636,5.2285,1.7305184730000005,1.745200101,1.7527814260000003,1.0772,33.0978,33.3786,33.5236,839,15,0,0.0,1.8287,0.9785,0.5956,854.0,17378685382.9376,106399122.8328,21921051.8385,291815396242.7714,1.9992,57.9258,142,0,0.0,0,0.0,0,0.0,0,0.0,1983.0,142.40515303741742,0.0,100.0,93.1915,3.14894,3.65957,Travis,delta-wye
6,p4uhs5_1247--p4udt10630,p4udt10630-p4uhs5_1247x,p4uhs5_1247,29.4189,9.4856,8.2498,0.0,0.0,19.9333,18.1372,59.413000000000004,0.0398,4.9191,12.47,14.994000000000002,0.3448,0.0,0.0,0.0,14.6492,10.6657,0.0847,24.0148,0.020262169911329352,0,2,,2.8215,44,0,,0,155,0,0,415,15.39,398,17,23.4118,5.5742,1.8327635148,1.9151055972,1.826330888,1.1909999999999998,32.8794,34.3566,32.764,720,20,0,0.0,1.7831,0.9768,0.522,740.0,11524127388.9559,86807909.4839,18548378.6108,239670703400.0438,1.999,48.4308,130,0,0.0,0,0.0,0,0.0,0,0.0,1990.0,2355.3732132976397,0.0,100.0,91.5822,2.1823900000000003,6.23539,Travis,delta-wye
7,p4uhs5_1247--p4udt3570,p4udt3570-p4uhs5_1247x,p4uhs5_1247,28.3903,7.6005,5.1247,0.0,0.0,20.7898,18.871,57.9117,0.0472,5.0604,12.47,13.0448,0.622,0.0,0.0,0.0,12.4228,9.0768,0.0783,21.906,0.02170507520720824,0,1,,2.9579,29,0,,0,192,0,0,396,15.8,356,40,8.9,5.5453,1.8484093037,1.847749413,1.8491412833,1.1918,33.3329,33.321,33.3461,560,41,0,0.0,1.5177,0.9761,0.4362,601.0,11823055796.8281,109089519.6704,23445026.9932,310822431929.9246,1.9989,59.2114,147,0,0.0,0,0.0,0,0.0,0,0.0,1992.0,120.82212975746216,0.0,100.0,88.4615,4.561719999999998,6.97674,Travis,delta-wye
8,p4uhs7_1247--p4udt8751,p4udt8751-p4uhs7_1247x,p4uhs7_1247,22.9689,5.5448,4.4979,0.0,0.0,17.4241,16.7265,67.6744,0.0629,4.2155,12.47,8.3937,0.3222,0.0,0.0,0.0,8.0715,7.0092,0.0926,22.3489,0.02299639999806296,0,1,,1.8136,25,0,,0,88,0,0,254,8.72,239,15,15.9333,3.0144,0.9378160128,1.0510489344,1.0255380672,0.6178,31.1112,34.8676,34.0213,348,17,0,0.0,1.4369999999999998,0.9782,0.5024,365.0,7412604751.885,61217351.2955,12546926.4502,177090173798.4578,1.9982,35.4311,97,0,0.0,0,0.0,0,0.0,0,0.0,2000.0,270.0159600829564,0.0,100.0,95.4087,2.23964,2.35162,Travis,delta-wye
9,p4uhs7_1247--p4udt22221,p4udt22221-p4uhs7_1247x,p4uhs7_1247,18.3867,4.7661,4.5038,0.0,0.0,13.6206,13.4684,72.1459,0.0694,3.8222,12.47,6.5242,0.0419,0.0,0.0,0.0,6.4822,6.2707,0.09,25.1723,0.02461946250798747,0,1,,1.7478,12,0,,0,24,1,0,162,5.145,158,4,39.5,1.7916,0.6958054835999999,0.5543873292,0.5414071872,0.3687,38.8371,30.9437,30.2192,261,4,0,0.0,1.6358,0.9772,0.611,265.0,4531506391.8967,30637043.7296,6303952.1711,87979624099.2766,1.9973,36.7936,81,0,0.0,0,0.0,0,0.0,0,0.0,1999.0,320.6358647711708,0.0,100.0,94.8553,1.1254,4.01929,Travis,delta-wye
10,p4uhs3_1247--p4udt2390,p4udt2390-p4uhs3_1247x,p4uhs3_1247,14.4641,5.9238,5.568,0.0,0.0,8.5403,7.8977,70.6907,0.0593,6.8873,12.47,4.5846,0.0332,0.0,0.0,0.0,4.5514,3.5344,0.0649,18.5543,0.018789306967204662,0,1,,5.289,19,0,,0,67,1,0,170,5.335,168,2,84.0,1.9388,0.6663442331999999,0.6372525392,0.6352032276,0.3957,34.3689,32.8684,32.7627,242,2,0,0.0,1.4353,0.9796,0.6293,244.0,3887157069.2554,30886638.4358,6303525.6642,84991733460.9727,1.9973,44.7953,123,0,0.0,0,0.0,0,0.0,0,0.0,2004.0,216.39570397720647,0.0,100.0,98.4985,1.05105,0.45045,Travis,delta-wye
11,p4uhs8_1247--p4udt1728,p4udt1728-p4uhs8_1247x,p4uhs8_1247,29.2142,10.6271,5.9072,0.0,0.0,18.5871,9.8399,27.8319,0.0172,4.4439,12.47,27.3652,0.1317,0.0,0.0,0.0,27.2335,7.515,0.0881,13.2822,0.016144689715250998,0,1,,2.0198,74,0,,0,892,0,0,665,31.895,656,9,72.8889,12.6578,4.165555402,4.2317430381999985,4.2605142176,2.573,32.909,33.4319,33.6592,1686,9,0,0.0,2.5489,0.9798,0.6351,1695.0,28096379349.8015,209816578.2734,42649470.9025,528692636791.6901,1.9996,147.4348,394,0,0.0,0,0.0,0,0.0,0,0.0,2004.0,375.54853047962837,0.0,100.0,98.8667,0.813008,0.320276,Travis,delta-wye
12,p4uhs8_1247--p4udt14683,p4udt14683-p4uhs8_1247x,p4uhs8_1247,18.8871,7.9835,3.9585,0.0,0.0,10.9036,4.3469999999999995,22.2717,0.016,3.3728,12.47,18.405,0.19399999999999998,0.0,0.0,0.0,18.211,2.5411,0.1191,6.814,0.015637194716531248,0,2,,2.2984,43,0,,0,694,0,0,435,22.1,425,10,42.5,8.5741,3.0124757386,2.7798689797000002,2.7817552817,1.7601,35.1346,32.4217,32.4437,1167,10,0,0.0,2.7057,0.9796,0.6135,1177.0,34678054637.4301,252618162.3846,51858017.7065,651134245953.4424,1.9994,99.4403,251,0,0.0,0,0.0,0,0.0,0,0.0,2000.0,152.90810678470194,0.0,100.0,99.0126,0.434439,0.5529229999999999,Travis,delta-wye
13,p4uhs9_1247--p4udt20209,p4udt20209-p4uhs9_1247x,p4uhs9_1247,11.6512,5.5874,5.086,0.0,0.0,6.0639,3.8689,48.2652,0.0334,3.5314,12.47,6.9024,0.4039,0.0,0.0,0.0,6.4984,3.0345,0.0802,16.3555,0.01977759192076964,0,1,,2.3077,23,0,,0,178,0,0,202,10.25,175,27,6.4815,3.7959,1.2411530148,1.2490636704,1.3056833147999998,0.8295,32.6972,32.9056,34.3972,318,31,0,0.0,1.7277,0.9759,0.3943,349.0,12342322159.8148,134240191.0319,29336648.6625,362489404407.17,1.9982,35.8576,113,0,0.0,0,0.0,0,0.0,0,0.0,1993.0,708.436350094917,0.0,100.0,91.8345,2.79642,5.36913,Travis,delta-wye
14,p4uhs9_1247--p4udt6157,p4udt6157-p4uhs9_1247x,p4uhs9_1247,24.1188,6.3797,3.9833,0.0,0.0,17.7391,9.157,26.9944,0.0162,3.2701,12.47,24.559,0.096,0.0,0.0,0.0,24.4629,7.7236,0.0842,15.8668,0.016538019360987852,0,2,,2.3445,58,0,,0,808,0,0,674,27.76,667,7,95.2857,10.8591,3.6561720972,3.6597773184,3.5431505844,2.2097,33.6692,33.7024,32.6284,1476,9,0,0.0,2.2033,0.9799,0.6483,1485.0,35752562340.1433,261440745.2033,53200971.0933,668344195664.8949,1.9995,117.4095,314,0,0.0,0,0.0,0,0.0,0,0.0,1992.0,195.2695894077631,0.0,100.0,97.48,2.31248,0.20753,Travis,delta-wye
15,p4uhs4_1247--p4udt8999,p4udt8999-p4uhs4_1247x,p4uhs4_1247,18.1584,5.3469,4.2975,0.0,0.0,12.8115,11.549000000000001,57.6623,0.0455,3.3147,12.47,9.3231,0.02,0.0,0.0,0.0,9.3031,5.5272,0.0852,20.1123,0.02336625356053535,0,1,,1.3768,21,0,,0,106,0,0,198,6.245,195,3,65.0,2.3127,0.953664972,0.6502479828,0.7087870451999999,0.4824,41.236000000000004,28.1164,30.6476,395,4,0,0.0,2.0152,0.9781,0.6367,399.0,9524249692.0142,55205871.3588,11515397.0201,149070023375.0103,1.9982,45.4793,110,0,0.0,0,0.0,0,0.0,0,0.0,1985.0,335.2698917267981,0.0,100.0,94.795,1.26183,3.94322,Travis,delta-wye
16,p4uhs4_1247--p4udt19484,p4udt19484-p4uhs4_1247x,p4uhs4_1247,18.4985,6.3011,5.4668,0.0,0.0,12.1974,11.1776,57.2981,0.0413,4.2122,12.47,10.5504,0.0817,0.0,0.0,0.0,10.4686,9.1974,0.0885,31.6618,0.02354995575427141,0,2,,1.8361,31,0,,0,68,1,0,249,8.1,243,6,40.5,2.9314,0.968417304,1.0009675696,0.9620151264,0.613,33.036,34.1464,32.8176,442,6,0,0.0,1.7992,0.9774,0.5923,448.0,9593748305.0642,62774354.8643,13127611.5032,173458395694.2425,1.9983,38.6917,112,0,0.0,0,0.0,0,0.0,0,0.0,1990.0,243.54203910834687,0.0,100.0,94.2543,0.977995,4.76773,Travis,delta-wye
17,p4uhs5_1247--p4udt15124,p4udt15124-p4uhs5_1247x,p4uhs5_1247,24.6349,6.1165,4.6773,0.0,0.0,18.5184,16.6241,57.3951,0.0317,3.0459,12.47,12.4787,0.1551,0.0,0.0,0.0,12.3236,9.3947,0.0844,25.3135,0.016080797747267856,0,1,,2.1152,43,0,,0,203,0,0,523,17.545,508,15,33.8667,6.1582,2.0319227228,2.0048943830000003,2.1213828942,1.2543,32.9954,32.5565,34.4481,759,17,0,0.0,1.4837,0.9797,0.6023,776.0,22819670716.21,181093531.7275,36883818.1048,515942168448.3325,1.9991,59.6949,139,0,0.0,0,0.0,0,0.0,0,0.0,1994.0,100.0766041153948,0.0,100.0,99.3833,0.30837,0.30837,Travis,delta-wye
18,p4uhs5_1247--p4udt20411,p4udt20411-p4uhs5_1247x,p4uhs5_1247,23.5199,5.9128,5.6476,0.0,0.0,17.6072,15.9855,61.8062,0.0365,4.051,12.47,11.4815,0.1088,0.0,0.0,0.0,11.3727,9.9368,0.0759,28.3896,0.01780081595134941,0,2,,2.4913,43,0,,0,79,0,0,407,13.595,402,5,80.4,4.7309,1.7561715817,1.4978833653,1.4768450530000001,0.9690000000000001,37.1213,31.6617,31.217,640,5,0,0.0,1.5848,0.9789,0.59,645.0,17492417778.2447,128300984.1973,26280210.9926,368696774721.3003,1.9989,41.4715,111,0,0.0,0,0.0,0,0.0,0,0.0,1993.0,110.05859105361596,0.0,100.0,97.8863,0.437318,1.67638,Travis,delta-wye
19,p4uhs4_1247--p4udt5981,p4udt5981-p4uhs4_1247x,p4uhs4_1247,27.7933,11.2057,10.3774,0.0,0.0,16.5876,15.7629,64.5715,0.0588,4.774,12.47,12.6895,0.3899,0.0,0.0,0.0,12.2996,9.6501,0.0947,23.8375,0.026827748506832987,0,2,,2.3731,52,0,,0,98,0,0,282,9.595,265,17,15.5882,3.4181,1.0916454331999998,1.2198378556000002,1.1066167112,0.7314,31.9372,35.6876,32.3752,454,19,0,0.0,1.6773,0.9738,0.5546,473.0,5899014898.4356,42628843.8864,9121882.9714,119663949155.3697,1.9985,40.6285,132,0,0.0,0,0.0,0,0.0,0,0.0,1994.0,1013.3508820004396,0.0,100.0,88.3825,2.8597,8.757819999999999,Travis,delta-wye
20,p4uhs10_1247--p4udt14276,p4udt14276-p4uhs10_1247x,p4uhs10_1247,14.225999999999999,2.7724,2.7724,0.0,0.0,11.4536,9.7401,49.2551,0.0271,2.6211,12.47,11.1775,0.0,0.0,0.0,0.0,11.1775,8.25,0.1048,32.476,0.021290458809611886,0,1,,1.6021,16,0,,0,138,0,0,352,9.975,352,0,0.0,3.4291,1.1892255964,1.1857073398000002,1.0541670638,0.6978,34.6804,34.5778,30.7418,525,0,0,0.0,1.4915,0.9797,0.6667,525.0,15663980470.1458,102312471.7793,20820707.4459,297615628932.7717,1.9987,46.8508,137,0,0.0,0,0.0,0,0.0,0,0.0,1995.0,144.64273894287066,0.0,100.0,99.2388,0.28544200000000003,0.475737,Travis,delta-wye
21,p4uhs10_1247--p4udt21933,p4udt21933-p4uhs10_1247x,p4uhs10_1247,31.719,9.8737,8.1796,0.0,0.0,21.8453,21.1578,63.8713,0.0438,3.698,12.47,14.2131,0.2209,0.0,0.0,0.0,13.9922,13.0538,0.0826,28.4197,0.01963129964774936,0,3,,2.0132,50,0,,0,115,0,0,445,16.565,429,16,26.8125,5.9895,2.0210190165,2.028859272,1.939627701,1.2229,33.7427,33.8736,32.3838,703,21,0,0.0,1.6269999999999998,0.9791,0.535,724.0,14111377675.3418,116740081.5133,23835354.3673,322865982309.4457,1.999,43.2697,110,0,0.0,0,0.0,0,0.0,0,0.0,1995.0,205.4505637891848,0.0,100.0,97.2385,1.52761,1.23384,Travis,delta-wye
22,p4uhs11_1247--p4udt10412,p4udt10412-p4uhs11_1247x,p4uhs11_1247,21.1702,4.6049,4.2255,0.0,0.0,16.5653,14.9134,60.38399999999999,0.0503,3.4487,12.47,10.5251,0.102,0.0,0.0,0.0,10.4231,8.2168,0.1406,25.9243,0.025000353959607743,0,3,,1.1433,19,0,,0,107,1,0,278,8.505,271,7,38.7143,2.8167,0.9372203079,0.9365189495999999,0.9429607425,0.5877,33.2737,33.2488,33.4775,414,7,0,0.0,1.5144,0.9774,0.5956,421.0,9844384277.2828,65863324.3099,13743082.0288,198875269069.573,1.9984,44.6537,108,0,0.0,0,0.0,0,0.0,0,0.0,1994.0,242.17116134717202,0.0,100.0,91.954,3.4482800000000005,4.5977,Travis,delta-wye
23,p4uhs11_1247--p4udt9291,p4udt9291-p4uhs11_1247x,p4uhs11_1247,17.3277,1.5465,1.5465,0.0,0.0,15.7811,15.7712,69.2448,0.0647,2.7203,12.47,7.6818,0.1101,0.0,0.0,0.0,7.5716,7.5716,0.3338,30.2751,0.028663270087833093,0,2,,0.8455,16,0,,0,0,0,0,164,5.03,161,3,53.6667,1.7117,0.5563127702,0.7504640544,0.4049231754,0.3571,32.5006,43.8432,23.6562,264,4,0,0.0,1.6341,0.9782,0.6089,268.0,7545659986.5084,48193873.7814,10054859.1357,141621901985.5866,1.9971,21.2119,53,0,0.0,0,0.0,0,0.0,0,0.0,1994.0,292.53652330939644,0.0,100.0,93.7778,2.66667,3.55556,Travis,delta-wye
24,p4uhs10_1247--p4udt11491,p4udt11491-p4uhs10_1247x,p4uhs10_1247,31.1237,10.0071,9.9464,0.0,0.0,21.1165,20.3705,61.3043,0.0469,6.0105,12.47,18.3295,0.1155,0.0,0.0,0.0,18.214000000000002,17.5394,0.1089,35.4668,0.02764631917988226,0,3,,2.509,53,0,,0,30,0,1,415,12.615,409,6,68.1667,4.3604,1.3405962592,1.3160166844,1.7037870564000002,0.9015,30.7448,30.1811,39.0741,656,7,0,0.0,1.5976,0.9774,0.6235,663.0,11705728619.5976,76985082.4503,15916472.8191,222726646359.3133,2.0,55.422,152,0,0.0,0,0.0,0,0.0,0,0.0,1993.0,274.35453272073534,0.0,100.0,95.2312,0.5780350000000001,4.19075,Travis,delta-wye
25,p4uhs12_1247--p4udt5377,p4udt5377-p4uhs12_1247x,p4uhs12_1247,20.6751,6.4433,5.2004,0.0,0.0,14.2318,11.7916,53.7433,0.0355,3.6979,12.47,10.9418,0.1647,0.0,0.0,0.0,10.7771,7.4501,0.0825,23.5638,0.01880028451943772,0,2,,2.2716,39,0,,0,176,0,0,338,14.95,323,15,21.5333,5.42,1.84539076,1.7952124,1.77939142,1.1154,34.0478,33.122,32.8301,564,18,0,0.0,1.7219,0.9783,0.4629,582.0,11840059549.5617,110263783.8196,22691918.8892,304138986711.2518,1.9988,59.1276,148,0,0.0,0,0.0,0,0.0,0,0.0,1998.0,192.06368170365639,0.0,100.0,95.4723,1.9516,2.57611,Travis,delta-wye
26,p4uhs7_1247--p4udt5694,p4udt5694-p4uhs7_1247x,p4uhs7_1247,23.3068,5.5244,5.0529,0.0,0.0,17.7823,17.3397,55.6675,0.0368,4.1473,12.47,16.9189,0.11,0.0,0.0,0.0,16.8089,14.554,0.0945,36.181,0.02672807559992955,0,2,,2.6781,38,0,,0,46,0,0,330,11.15,323,7,46.1429,4.0978,1.4567392153999998,1.2915978754000002,1.3494588114,0.8407,35.5493,31.5193,32.9313,624,9,0,0.0,1.9182,0.9787,0.6191,633.0,12901774795.65,83521175.8368,17134300.9836,227258750349.9173,1.9988,37.687,86,0,0.0,0,0.0,0,0.0,0,0.0,1982.0,292.0515239275411,0.0,100.0,96.4463,1.23967,2.31405,Travis,delta-wye
27,p4uhs7_1247--p4udt10974,p4udt10974-p4uhs7_1247x,p4uhs7_1247,20.3702,6.3759,6.2187,0.0,0.0,13.9944,12.2702,46.6003,0.0299,2.7039999999999997,12.47,19.3053,0.4456,0.0,0.0,0.0,18.8598,16.2999,0.1127,41.0829,0.028306962884782967,0,2,,1.8619,32,0,,0,64,0,0,363,15.515,337,26,12.9615,5.7139,1.8279680324,1.9541480861000002,1.9317781676,1.2068,31.9916,34.1999,33.8084,648,34,0,0.0,1.8788,0.9777,0.4477,682.0,19654351742.6494,164665919.5782,34779028.7517,447122092796.4907,1.9989,39.4809,87,0,0.0,0,0.0,0,0.0,0,0.0,1986.0,394.0394756231369,0.0,100.0,92.48,3.36,4.16,Travis,delta-wye
28,p4uhs2_1247--p4udt19679,p4udt19679-p4uhs2_1247x,p4uhs2_1247,27.4406,5.8054,4.9677,0.0,0.0,21.6352,20.239,52.696999999999996,0.0315,4.1847,12.47,20.3925,0.3217,0.0,0.0,0.0,20.0708,17.1882,0.1127,35.9337,0.02343969111674484,0,1,,2.2817,37,0,,0,89,1,0,440,14.895,425,15,28.3333,5.9289,2.0302747292999994,2.0188971702000003,1.8797281005000002,1.3057,34.2437,34.0518,31.7045,849,21,0,0.0,1.8012,0.9756,0.5895,870.0,13389290588.3287,91246455.9688,20094698.8585,229233888865.6986,1.9991,59.5541,142,0,0.0,0,0.0,0,0.0,0,0.0,1990.0,384.40784832156737,0.0,100.0,89.4299,2.30621,8.26393,Travis,delta-wye
29,p4uhs2_1247--p4udt15941,p4udt15941-p4uhs2_1247x,p4uhs2_1247,18.48,6.4846,4.2463,0.0,0.0,11.9954,6.5236,30.8659,0.0267,4.8127,12.47,16.4125,0.4548,0.0,0.0,0.0,15.9577,8.1354,0.1036,23.3156,0.02371747540097564,0,2,,2.8533,36,0,,0,386,0,0,369,14.285,354,15,23.6,5.2846,1.743098887,1.7501221204000004,1.7913789925999999,1.0892,32.9845,33.1174,33.8981,671,21,0,0.0,1.8753,0.9783,0.5088,692.0,14440337973.6363,110277298.5773,22729475.9406,298092814961.5554,1.9991,71.6332,186,0,0.0,0,0.0,0,0.0,0,0.0,1987.0,301.46898511580974,0.0,100.0,93.3222,3.50584,3.17195,Travis,delta-wye
30,p4uhs12_1247--p4udt20601,p4udt20601-p4uhs12_1247x,p4uhs12_1247,17.4179,7.1202,6.3775,0.0,0.0,10.2977,8.6663,52.1691,0.0366,4.0547,12.47,11.4187,0.6374,0.0,0.0,0.0,10.7813,8.0242,0.1044,27.8266,0.023988851045709247,0,1,,1.6689,28,0,,0,144,0,0,277,12.425,262,15,17.4667,4.6308,1.4158300536000001,1.5077421719999995,1.7072231436,0.9546,30.5742,32.559,36.8667,454,22,0,0.0,1.7184,0.9786,0.4672,476.0,8915644773.8238,86736578.9799,17880786.3123,232724551081.432,1.9986,60.4137,155,0,0.0,0,0.0,0,0.0,0,0.0,1986.0,295.5790565887649,0.0,100.0,95.5462,2.52101,1.93277,Travis,delta-wye
31,p4uhs12_1247--p4udt22081,p4udt22081-p4uhs12_1247x,p4uhs12_1247,12.4641,3.2371,1.6271,0.0,0.0,9.227,3.9097,22.8409,0.0191,2.7815,12.47,11.7766,0.0083,0.0,0.0,0.0,11.7683,3.091,0.094,12.7513,0.018034555223277158,0,2,,2.068,26,0,,0,485,0,0,372,13.07,368,4,92.0,4.9765,1.7423423209999995,1.6948117694999998,1.539340933,1.0313,35.0114,34.0563,30.9322,649,4,0,0.0,1.7554,0.9786,0.6439,653.0,22237741268.5369,169472344.7244,35120024.1254,445095372710.2277,1.9991,97.6875,245,0,0.0,0,0.0,0,0.0,0,0.0,1988.0,165.97063690350618,0.0,100.0,97.7311,0.510493,1.75837,Travis,delta-wye
32,p4uhs13_1247--p4udt1395,p4udt1395-p4uhs13_1247x,p4uhs13_1247,18.8561,7.3783,3.2287,0.0,0.0,11.4778,3.6038,16.5441,0.015,3.1282,12.47,22.443,0.2903,0.0,0.0,0.0,22.1527,6.2567,0.0795,15.1496,0.017868602316598668,0,1,,1.9664,61,0,,0,976,0,0,688,27.725,662,26,25.4615,10.6843,3.5431168817,3.5598484955000003,3.5813346227999996,2.1721,33.1619,33.3185,33.5196,1228,28,0,0.0,1.8256,0.9799,0.5944,1256.0,42038254065.9822,357602795.5534,72700715.4099,927954294569.5416,1.9995,112.8663,319,0,0.0,0,0.0,0,0.0,0,0.0,1986.0,154.88313325897002,0.0,100.0,98.958,0.929316,0.112644,Travis,delta-wye
33,p4uhs13_1247--p4udt23237,p4udt23237-p4uhs13_1247x,p4uhs13_1247,25.2002,6.6592,4.1168,0.0,0.0,18.541,12.7156,34.9613,0.0215,3.6069999999999998,12.47,22.9455,0.4331,0.0,0.0,0.0,22.5125,13.0686,0.1202,27.1438,0.019594824797895462,0,2,,1.8607,52,0,,0,544,0,0,669,24.395,648,21,30.8571,9.0446,3.0883872052000005,3.06566717,2.8905365802000005,1.8825,34.1462,33.895,31.9587,1146,25,0,0.0,1.7504,0.9791,0.5879,1171.0,32995242842.5353,254849217.5581,53042131.6401,687377411736.6693,1.9994,85.0276,222,0,0.0,0,0.0,0,0.0,0,0.0,1993.0,215.63046119842843,0.0,100.0,96.9076,1.78838,1.3040200000000002,Travis,delta-wye
34,p4uhs2_1247--p4udt22231,p4udt22231-p4uhs2_1247x,p4uhs2_1247,30.3945,8.8858,7.4369,0.0,0.0,21.5087,17.500999999999998,51.9845,0.0387,3.7505,12.47,17.5774,1.0259,0.0,0.0,0.0,16.5515,12.4535,0.0723,25.9601,0.022391589873375344,0,2,,1.415,50,0,,0,184,0,0,472,19.41,426,46,9.2609,8.112,2.677438608,2.7126365760000004,2.721924816,1.7051,33.0059,33.4398,33.5543,731,53,1,0.8692,1.6596,0.9776,0.4304,785.0,14291801040.7087,147687479.6265,31043165.4161,353380711083.0004,1.9991,46.4878,114,0,0.0,0,0.0,0,0.0,0,0.0,1995.0,478.460430656739,0.0,100.0,93.0651,3.652730000000002,3.28216,Travis,delta-wye
35,p4uhs14_1247--p4udt9634,p4udt9634-p4uhs14_1247x,p4uhs14_1247,26.354,4.9091,3.2181,0.0,0.0,21.4449,15.8068,36.8877,0.0222,5.1139,12.47,25.2211,0.2818,0.0,0.0,0.0,24.9393,13.9362,0.0683,27.0212,0.021265664287117243,0,3,,1.6452,44,0,,0,412,0,0,557,18.15,553,4,138.25,8.4495,2.6050568955,2.968258653,2.876176002,1.7245,30.8309,35.1294,34.0396,1178,7,1,1.3905,2.1254,0.9795,0.535,1186.0,33858274722.9814,241218520.12,49231280.3751,518151506089.4708,1.9994,67.9376,169,0,0.0,0,0.0,0,0.0,0,0.0,1995.0,184.9341980778236,0.0,100.0,97.9569,0.964813,1.0783200000000002,Travis,delta-wye
36,p4uhs10_1247--p4udt12947,p4udt12947-p4uhs10_1247x,p4uhs10_1247,17.4714,6.7153,6.6032,0.0,0.0,10.7562,10.445,71.5215,0.0688,4.7731,12.47,6.3651,0.175,0.0,0.0,0.0,6.1901,5.6481,0.0792,23.6951,0.025059365903699483,0,1,,3.6897,37,0,,0,15,1,0,168,5.955,157,11,14.2727,1.9539,0.6451367481,0.6643963404000001,0.6443669114999999,0.4237,33.0179,34.0036,32.9785,242,12,0,0.0,1.5119,0.9769,0.5417,254.0,5101068711.9244,39240660.3534,8508910.2449,119593953462.6374,1.9972,23.5171,72,0,0.0,0,0.0,0,0.0,0,0.0,1995.0,267.9493615624624,0.0,100.0,85.0117,8.8993,6.08899,Travis,delta-wye
37,p4uhs0_1247--p4udt7046,p4udt7046-p4uhs0_1247x,p4uhs0_1247,18.1158,6.2711,4.6045,0.0,0.0,11.8447,8.0366,46.2556,0.0287,5.4811,12.47,9.213,0.3207,0.0,0.0,0.0,8.8923,2.502,0.0662,9.1553,0.014577585426523347,0,2,,2.0681,40,0,,0,413,0,0,368,17.15,335,33,10.1515,6.356,2.025250416,2.229564036,2.101185548,1.3004,31.8636,35.0781,33.0583,598,34,0,0.0,1.7127,0.9791,0.5074,632.0,19193681931.2395,193029257.8767,39493454.0883,520841210634.111,1.999,62.4488,194,0,0.0,0,0.0,0,0.0,0,0.0,1995.0,153.29322267035357,0.0,100.0,93.8132,4.9970300000000005,1.18977,Travis,delta-wye
38,p4uhs0_1247--p4udt18706,p4udt18706-p4uhs0_1247x,p4uhs0_1247,14.5781,6.3013,4.8998,0.0,0.0,8.2769,2.8132,28.5135,0.0189,2.8969,12.47,12.4722,0.3284,0.0,0.0,0.0,12.1437,3.6917,0.0761,13.6474,0.016197615753707942,0,2,,1.9738,40,0,,0,529,0,0,450,17.95,428,22,19.4545,6.6097,2.3125820069,2.0788101373,2.2183078558,1.3587,34.9877,31.4509,33.5614,747,23,0,0.0,1.7111,0.9795,0.5595,770.0,28516197281.5799,244783988.4988,50316780.1463,664760702862.8052,1.9992,80.4843,214,0,0.0,0,0.0,0,0.0,0,0.0,1989.0,173.8975486694303,0.0,100.0,98.1737,1.23396,0.5923,Travis,delta-wye
39,p4uhs15_1247--p4udt11307,p4udt11307-p4uhs15_1247x,p4uhs15_1247,28.2191,10.4225,8.1034,0.0,0.0,17.7966,12.377,47.0867,0.0311,3.6246,12.47,15.2759,0.1058,0.0,0.0,0.0,15.1701,7.2793,0.08900000000000001,16.7359,0.01686081907093176,0,4,,1.7567,51,0,,0,481,2,1,492,18.825,486,6,81.0,7.2262,2.5101795464000003,2.3509574556,2.365062998,1.4943,34.7372,32.5338,32.729,900,6,0,0.0,1.8415,0.9792,0.6526,906.0,19257462175.0801,153596572.9286,31761009.3507,400134354796.779,2.0,78.119,193,0,0.0,0,0.0,0,0.0,0,0.0,2002.0,203.8675933939814,0.0,100.0,98.9203,0.22338,0.856292,Travis,delta-wye
40,p4uhs0_1247--p4udt7051,p4udt7051-p4uhs0_1247x,p4uhs0_1247,17.0601,5.8455,4.0305,0.0,0.0,11.2146,7.3313,41.7476,0.0248,2.7261,12.47,10.1553,0.0631,0.0,0.0,0.0,10.0922,4.457,0.0791,16.3767,0.014782163118740928,0,1,,1.5184,41,0,,0,354,4,1,379,15.95,368,11,33.4545,7.0612,2.414810359600001,2.3136657308000004,2.3327239096000003,1.4351,34.1983,32.7659,33.0358,674,12,1,0.8119,1.8127,0.9799,0.5364,687.0,28074234705.2972,288555726.0129,58645032.5483,651796278820.2217,2.0,60.4877,158,0,0.0,0,0.0,0,0.0,0,0.0,1998.0,179.66690898174096,0.0,100.0,97.245,2.60996,0.144998,Travis,delta-wye
41,p4uhs0_1247--p4udt18708,p4udt18708-p4uhs0_1247x,p4uhs0_1247,13.7559,7.1843,5.557,0.0,0.0,6.5716,3.5587,43.7416,0.0279,3.2569999999999997,12.47,7.084,0.509,0.0,0.0,0.0,6.5749,2.6248,0.0802,12.5949,0.01436909480952124,0,1,,2.392,28,0,,0,268,0,1,269,16.45,227,42,5.4048,6.2194,2.0566000950000003,2.0992838372,2.0635160678,1.2797,33.0675,33.7538,33.1787,447,46,0,0.0,1.8327,0.9793,0.3836,493.0,19738729631.2369,249010389.4504,51236299.5728,658624954226.8723,2.0,48.4506,133,0,0.0,0,0.0,0,0.0,0,0.0,2003.0,1231.6647424670564,0.0,100.0,94.3829,4.7302300000000015,0.886918,Travis,delta-wye
42,p4uhs14_1247--p4udt19383,p4udt19383-p4uhs14_1247x,p4uhs14_1247,18.56,4.7692,3.7498,0.0,0.0,13.7908,11.5239,55.9043,0.0461,8.7891,12.47,8.7612,0.2737,0.0,0.0,0.0,8.4875,4.8082,0.0823,17.5988,0.021739944890981786,0,0,,,17,0,,0,184,0,0,205,9.15,189,16,11.8125,3.4511,1.1833338746,1.1234227785999995,1.1443433468000002,0.7214,34.2886,32.5526,33.1588,387,16,0,0.0,1.9659,0.9781,0.5086,403.0,8743797809.6248,74876945.8231,15651598.6796,198525434139.125,1.9983,48.8056,106,0,0.0,0,0.0,0,0.0,0,0.0,1997.0,414.10953962786834,0.0,100.0,93.6118,3.1941,3.1941,Travis,delta-wye
43,p4uhs17_1247--p4udt13269,p4udt13269-p4uhs17_1247x,p4uhs17_1247,15.057,5.7715,4.9756,0.0,0.0,9.2855,7.1668,52.5953,0.0359,5.7446,12.47,8.0294,0.1381,0.0,0.0,0.0,7.8914,4.4202,0.0916,19.1464,0.019163298793593145,0,1,,4.8137,20,0,,0,162,1,0,218,9.15,212,6,35.3333,3.4822,1.2024419642000002,0.949091021,1.3306635326,0.7249,34.5311,27.2555,38.2133,412,7,0,0.0,1.922,0.9791,0.544,419.0,11954891295.9918,99354092.609,20683589.0748,261067435222.7336,1.9983,51.8056,117,0,0.0,0,0.0,0,0.0,0,0.0,1998.0,428.828275049316,0.0,100.0,97.3877,1.35841,1.25392,Travis,delta-wye
44,p4uhs17_1247--p4udt3392,p4udt3392-p4uhs17_1247x,p4uhs17_1247,8.2252,6.6573,5.9333,0.0,0.0,1.5679,0.8263,59.39,0.0433,6.1604,12.47,3.1564,0.0897,0.0,0.0,0.0,3.0667,1.6929,0.0785,14.8737,0.01661272869875037,0,1,,5.3573,12,0,,0,104,0,0,102,5.2,94,8,11.75,1.9686,0.5556019152,0.818268276,0.5947298087999999,0.3999,28.2232,41.566,30.2108,180,10,0,0.0,1.8627,0.9797,0.5374,190.0,5146881177.0121,53328182.9764,10833881.7811,140862011160.3324,1.9965,36.538000000000004,98,0,0.0,0,0.0,0,0.0,0,0.0,2007.0,4348.9762703870065,0.0,100.0,92.2481,7.3643399999999986,0.387597,Travis,delta-wye
45,p4uhs15_1247--p4udt15003,p4udt15003-p4uhs15_1247x,p4uhs15_1247,8.744,4.1567,2.8776,0.0,0.0,4.5874,3.2146,44.6744,0.0254,13.18,12.47,4.8929,0.1092,0.0,0.0,0.0,4.7837,1.5589,0.071,11.4312,0.014223638446107231,0,1,,9.1841,17,0,,0,175,3,0,158,7.675,141,17,8.2941,3.0755,0.9094776335,1.2316055034999998,0.9344168629999999,0.6252,29.5717,40.0457,30.3826,327,17,0,0.0,2.1772,0.9799,0.5341,344.0,8258415387.4584,73834562.51,15008454.3702,184253889821.9276,1.9981,59.4041,179,0,0.0,0,0.0,0,0.0,0,0.0,2004.0,2528.562024524325,0.0,100.0,99.3902,0.522648,0.087108,Travis,delta-wye
46,p4uhs18_1247--p4udt18560,p4udt18560-p4uhs18_1247x,p4uhs18_1247,21.5779,14.1054,12.5019,0.0,0.0,7.4725,4.9622,54.4875,0.0353,5.2523,12.47,10.4737,1.3484,0.0,0.0,0.0,9.1253,4.2293,0.0772,13.1954,0.01711386054383503,0,3,,1.6232,39,0,,0,307,1,0,373,26.26,284,89,3.1910000000000003,9.9678,3.32127096,3.3266834754000003,3.3198455645999996,2.0824,33.32,33.3743,33.3057,511,101,0,0.0,1.6408,0.978,0.2516,612.0,13351638207.3555,217460843.6547,45429474.3529,572898724387.5052,1.9989,64.2503,190,0,0.0,0,0.0,0,0.0,0,0.0,2000.0,1282.6357211077088,0.0,100.0,90.7451,6.926660000000001,2.32829,Travis,delta-wye
47,p4uhs17_1247--p4udt7683,p4udt7683-p4uhs17_1247x,p4uhs17_1247,11.5933,3.1411,1.2658,0.0,0.0,8.4522,2.9785,18.7797,0.0158,3.0711,12.47,11.0073,0.0198,0.0,0.0,0.0,10.9874,1.2676,0.0992,5.6089,0.015016720064212109,0,2,,1.5977,24,0,,0,432,0,0,278,13.05,277,1,277.0,5.2076,1.7567630296,1.7021509283999998,1.7486808344,1.0689,33.7346,32.6859,33.5794,732,1,0,0.0,2.6367,0.9797,0.6587,733.0,33696723084.0361,239399444.1817,49137179.1424,599921195425.201,1.999,75.3805,198,0,0.0,0,0.0,0,0.0,0,0.0,2000.0,191.46949958046886,0.0,100.0,99.4697,0.0589275,0.47142,Travis,delta-wye
48,p4uhs9_1247--p4udt18371,p4udt18371-p4uhs9_1247x,p4uhs9_1247,10.2549,8.0663,6.7017,0.0,0.0,2.1886,0.6274,48.576,0.027000000000000003,3.3932,12.47,4.8331,1.1418,0.0,0.0,0.0,3.6913,0.8467,0.0862,5.612,0.012718648346358313,0,1,,3.032,14,0,,0,143,0,0,201,14.75,109,92,1.1848,5.8218,1.8518505402,1.8748699374000002,2.0950795224000003,1.188,31.8089,32.2043,35.9868,265,115,0,0.0,1.8905,0.9794,0.2143,380.0,13480261661.5234,206523904.4688,42142664.6338,523246998703.8688,1.9981,33.4855,88,0,0.0,0,0.0,0,0.0,0,0.0,2000.0,3728.169129783344,0.0,100.0,99.4235,0.269024,0.307456,Travis,delta-wye
49,p4uhs9_1247--p4udt18569,p4udt18569-p4uhs9_1247x,p4uhs9_1247,17.6207,7.1128,4.1526,0.0,0.0,10.5079,6.8296,35.4475,0.0231,3.6239,12.47,13.3609,0.9929,0.0,0.0,0.0,12.368,3.9816,0.0882,12.8514,0.017533983457302872,0,2,,2.1045,22,0,,0,383,0,0,348,19.325,284,64,4.4375,7.4025,2.5375177800000004,2.4978625875,2.3671196325,1.5315,34.2792,33.7435,31.9773,685,77,0,0.0,2.1897,0.9786,0.4114,762.0,18004105658.1276,174901004.0888,36184806.9672,456600186146.0832,1.9991,73.2176,176,0,0.0,0,0.0,0,0.0,0,0.0,1999.0,1215.5633213989204,0.0,100.0,97.3591,1.22192,1.419,Travis,delta-wye
50,p4uhs19_1247--p4udt22137,p4udt22137-p4uhs19_1247x,p4uhs19_1247,8.3773,4.7964,3.7637,0.0,0.0,3.5809,0.7042,30.4735,0.0225,3.9138,12.47,6.2842,0.371,0.0,0.0,0.0,5.9133,0.5875,0.0738,4.0068,0.016893084208668196,0,1,,3.4530000000000003,18,0,,0,244,0,0,165,9.3,142,23,6.1739,3.6524,1.2159423984000002,1.2520646344000002,1.1843929672,0.7934,33.2916,34.2806,32.4278,344,28,0,0.0,2.2143,0.9784,0.4452,372.0,16305330594.3346,160090582.6224,34774381.6746,407633264858.3649,1.9982,44.5019,107,0,0.0,0,0.0,0,0.0,0,0.0,1997.0,899.4986595030983,0.0,100.0,97.2355,0.8579600000000001,1.90658,Travis,delta-wye
51,p4uhs20_1247--p4udt1954,p4udt1954-p4uhs20_1247x,p4uhs20_1247,26.057,13.1719,8.1633,0.0,0.0,12.885,5.3225,28.016,0.0178,5.6143,12.47,22.0789,0.1467,0.0,0.0,0.0,21.9321,4.8852,0.0826,10.1487,0.015091515229412272,0,5,,2.4452,70,0,,0,764,33,1,568,28.375,555,13,42.6923,10.515,3.5547639900000005,3.49230489,3.4679311200000007,2.1358,33.8066,33.2126,32.9808,1454,9,0,0.0,2.7867,0.9799,0.6396,1463.0,30157354598.6787,216749235.8984,44026782.7899,584904262978.4723,2.0,123.6489,326,0,0.0,0,0.0,0,0.0,0,0.0,2002.0,207.2509883778029,0.0,100.0,99.2178,0.6317689999999999,0.150421,Travis,delta-wye
52,p4uhs20_1247--p4udt13530,p4udt13530-p4uhs20_1247x,p4uhs20_1247,18.2431,6.5355,4.7031,0.0,0.0,11.7076,7.0795,34.0187,0.0174,3.6299,12.47,16.3927,0.0644,0.0,0.0,0.0,16.3283,6.0892,0.0784,17.5807,0.015597253634983516,0,4,,2.4876,37,0,,0,421,0,0,399,18.775,393,6,65.5,7.5938,2.4357645066,2.4724273730000004,2.6856081203999995,1.5567,32.0757,32.5585,35.3658,1044,7,0,0.0,2.6341,0.9793,0.6414,1051.0,27403709090.3294,198000946.7925,40589305.8965,489538190457.5954,1.9993,101.7467,275,0,0.0,0,0.0,0,0.0,0,0.0,2001.0,230.8944315123132,0.0,100.0,98.5646,0.398724,1.0366799999999998,Travis,delta-wye
53,p4uhs19_1247--p4udt4849,p4udt4849-p4uhs19_1247x,p4uhs19_1247,16.3315,7.4941,6.8401,0.0,0.0,8.8374,7.2673,51.8425,0.0254,3.7217,12.47,10.8806,0.4182,0.0,0.0,0.0,10.4623,6.2869,0.0839,23.1032,0.016895269516795673,0,3,,2.2668,23,0,,0,161,0,1,309,15.625,278,31,8.9677,6.1948,2.0850829528,2.129493474,1.9802235732,1.2584,33.6586,34.3755,31.9659,606,38,0,0.0,2.0841,0.9799,0.4831,644.0,14606728397.775,140505424.7996,28541521.4041,354394613688.2532,2.0,56.4425,150,0,0.0,0,0.0,0,0.0,0,0.0,1990.0,1256.9029771952514,0.0,100.0,99.9257,0.0,0.0743494,Travis,delta-wye
54,p4uhs19_1247--p4udt10279,p4udt10279-p4uhs19_1247x,p4uhs19_1247,21.6946,14.6262,12.4726,0.0,0.0,7.0684,6.695,70.1086,0.0682,4.6849,12.47,5.6452,0.8463,0.0,0.0,0.0,4.7989,3.7351,0.0909,13.6616,0.0177522855737969,0,2,,1.6179,22,0,,0,118,5,1,213,16.66,136,77,1.7662,6.2703,2.0274074505,2.0136002499,2.2292922995999995,1.294,32.3335,32.1133,35.5532,235,83,0,0.0,1.5143,0.9779,0.1948,318.0,5092924399.7192,100421135.7721,20724640.7984,266817988991.5791,2.0,36.7298,98,0,0.0,0,0.0,0,0.0,0,0.0,2001.0,8144.310898924527,0.0,100.0,88.8158,9.11654,2.06767,Travis,delta-wye
55,p4uhs20_1247--p4udt7428,p4udt7428-p4uhs20_1247x,p4uhs20_1247,8.7226,6.3539,6.0919,0.0,0.0,2.3686,1.1888,60.4715,0.0436,6.6545,12.47,3.3173,0.0154,0.0,0.0,0.0,3.302,1.1325,0.0617,9.4066,0.0165867442520576,0,0,,,7,0,,0,97,0,0,90,3.8,89,1,89.0,1.4503,0.3166048409,0.5336219316999999,0.6000732273999999,0.2944,21.8303,36.7939,41.3758,199,1,0,0.0,2.2222,0.98,0.6486,200.0,4442902354.6555,32217136.4004,6540944.5224,84415144738.4547,1.9964,36.1734,98,0,0.0,0,0.0,0,0.0,0,0.0,1995.0,212.78565958642216,0.0,100.0,99.375,0.625,0.0,Travis,delta-wye
56,p4uhs20_1247--p4udt8037,p4udt8037-p4uhs20_1247x,p4uhs20_1247,8.1452,3.6442,0.1998,0.0,0.0,4.501,1.3582,8.8701,0.0128,2.8343,12.47,9.4202,0.0,0.0,0.0,0.0,9.4202,1.6309,0.0736,9.2848,0.014834942009294031,0,1,,2.1759,18,0,,0,340,0,0,233,11.35,233,0,0.0,4.6249,1.6372192249000002,1.496941383,1.4907393921000005,0.9390000000000001,35.4001,32.367,32.2329,635,0,0,0.0,2.7253,0.98,0.6667,635.0,26716631306.5188,194584855.4021,39505748.8649,477533488707.0691,1.9989,73.933,182,0,0.0,0,0.0,0,0.0,0,0.0,2005.0,149.6038311690971,0.0,100.0,100.0,0.0,0.0,Travis,delta-wye
57,p4uhs17_1247--p4udt13480,p4udt13480-p4uhs17_1247x,p4uhs17_1247,7.7506,5.5003,4.8469,0.0,0.0,2.2503,1.2977,50.1737,0.0257,5.3135,12.47,4.4959,0.0602,0.0,0.0,0.0,4.4357,1.9357,0.0637,15.8062,0.014936618902902987,0,1,,4.6110000000000015,9,0,,0,114,0,0,107,5.5,105,2,52.5,2.2474,0.7189028067999998,0.8138239931999999,0.7146732,0.4565,31.9882,36.2118,31.8,297,4,0,0.0,2.8131,0.9799,0.639,301.0,8919489966.9521,66596658.5754,13527483.8834,162980713681.8496,1.9974,39.6032,111,0,0.0,0,0.0,0,0.0,0,0.0,2008.0,563.1382016646164,0.0,100.0,98.9101,0.953678,0.13624,Travis,delta-wye
58,p4uhs1_1247--p4udt5565,p4udt5565-p4uhs1_1247x,p4uhs1_1247,10.8481,1.8219,0.3788,0.0,0.0,9.0262,3.7482,17.2929,0.0176,1.8627,12.47,13.0171,0.0,0.0,0.0,0.0,13.0171,3.6486,0.0884,15.2883,0.02106326702631393,0,0,,,21,0,,0,392,0,0,292,9.6,292,0,0.0,3.7079,1.2041516487000001,1.2467146327999998,1.2570337185,0.7535,32.4753,33.6232,33.9015,618,0,0,0.0,2.1164,0.9798,0.6667,618.0,30236415165.6821,181414916.9813,36867331.6589,469691886068.8497,1.999,74.8657,197,0,0.0,0,0.0,0,0.0,0,0.0,1983.0,310.098489017878,0.0,100.0,99.615,0.0,0.384986,Travis,delta-wye
59,p4uhs1_1247--p4udt18595,p4udt18595-p4uhs1_1247x,p4uhs1_1247,7.7637,1.4464,0.4191,0.0,0.0,6.3174,2.2840000000000003,15.5778,0.0171,1.7868,12.47,9.5888,0.0312,0.0,0.0,0.0,9.5576,2.7925,0.0884,16.0927,0.02116731131775934,0,0,,,19,0,,0,320,0,0,235,7.6,232,3,77.3333,2.8439,1.0960618112,0.8996706089000002,0.8481704238000001,0.5864,38.5408,31.6351,29.8242,450,3,0,0.0,1.9277,0.9794,0.6505,453.0,23539349544.2302,147778707.2189,30471548.4681,394920654605.1889,1.9987,60.614,178,0,0.0,0,0.0,0,0.0,0,0.0,1988.0,218.82073767094352,0.0,100.0,98.4925,0.376884,1.13065,Travis,delta-wye
60,p4uhs20_1247--p4udt19742,p4udt19742-p4uhs20_1247x,p4uhs20_1247,9.6196,6.4152,6.2844,0.0,0.0,3.2044,3.0759,75.518,0.0573,6.4279,12.47,2.7752,0.004,0.0,0.0,0.0,2.7712,2.0725,0.0636,16.721,0.01651906133895095,0,0,,,11,0,,0,21,0,0,93,3.65,91,2,45.5,1.35,0.41572575,0.47774745,0.4565268,0.275,30.7945,35.3887,33.8168,166,2,0,0.0,1.8065,0.9796,0.6073,168.0,4258888262.4885,34222791.729,6972315.3458,92529417607.6379,1.9955,21.2711,56,0,0.0,0,0.0,0,0.0,0,0.0,1997.0,286.4582903574207,0.0,100.0,98.2022,1.34831,0.449438,Travis,delta-wye
61,p4uhs20_1247--p4udt9759,p4udt9759-p4uhs20_1247x,p4uhs20_1247,11.0707,5.9692,5.9692,0.0,0.0,5.1015,5.0934,65.4463,0.0492,6.6953,12.47,5.8327,0.0,0.0,0.0,0.0,5.8327,5.8327,0.0755,34.5059,0.025922952197941385,0,0,,,13,0,,0,1,0,0,167,4.875,167,0,0.0,1.7648,0.7664985247999999,0.5323254479999999,0.4659760272,0.3584,43.4326,30.1635,26.4039,225,0,0,0.0,1.3473,0.98,0.6667,225.0,4173231878.6492,32732924.8948,6647617.8532,90420024037.3991,1.9968,28.5334,74,0,0.0,0,0.0,0,0.0,0,0.0,1996.0,299.61873641029234,0.0,100.0,100.0,0.0,0.0,Travis,delta-wye
62,p4uhs17_1247--p4udt4433,p4udt4433-p4uhs17_1247x,p4uhs17_1247,9.9973,4.8752,4.4834,0.0,0.0,5.1222,2.0298,39.102,0.0243,2.9631,12.47,6.6597,0.2312,0.0,0.0,0.0,6.4284,1.7759,0.0615,10.6617,0.01620352871319335,0,2,,2.2758,14,0,,0,242,0,0,179,9.425,170,9,18.8889,3.7912,1.3229885255999998,1.2328148336,1.2353966408,0.7727,34.8963,32.5178,32.5859,400,11,0,0.0,2.2961,0.9793,0.5197,411.0,14627321093.4142,134927530.8228,27498995.7415,335431876655.5442,1.9983,50.9844,132,0,0.0,0,0.0,0,0.0,0,0.0,2002.0,231.43545489583684,0.0,100.0,98.1308,1.02804,0.8411209999999999,Travis,delta-wye
63,p4uhs17_1247--p4udt17331,p4udt17331-p4uhs17_1247x,p4uhs17_1247,13.8728,5.4507,5.1039,0.0,0.0,8.4221,7.1866,58.191,0.0358,3.8786,12.47,7.2483,0.0422,0.0,0.0,0.0,7.2061,4.9274,0.0677,23.3295,0.0187293940164914,0,2,,1.8037,11,0,,0,135,0,0,203,8.0,201,2,100.5,2.9419999999999997,0.960515928,1.027428776,0.9540552959999999,0.6307,32.6484,34.9228,32.4288,385,2,0,0.0,1.9064,0.9788,0.62,387.0,9286907760.5695,70599195.3974,15134967.9276,191977421407.1217,1.9982,51.3663,129,0,0.0,0,0.0,0,0.0,0,0.0,1991.0,283.21320078642174,0.0,100.0,98.2759,0.107759,1.61638,Travis,delta-wye
64,p4uhs1_1247--p4udt18088,p4udt18088-p4uhs1_1247x,p4uhs1_1247,32.7786,12.1558,9.6209,0.0,0.0,20.6228,16.9284,48.1363,0.0327,4.8481,12.47,22.3759,0.375,0.0,0.0,0.0,22.0009,14.3118,0.0917,25.9486,0.02230896549148585,0,3,,2.7521,63,0,,0,335,2,1,577,22.76,556,21,26.4762,8.3971,2.8111643438,2.7949663379,2.7909693183,1.7352,33.4778,33.2849,33.2373,981,22,0,0.0,1.7383,0.9788,0.5478,1003.0,17863716675.0851,149553894.6851,30903763.4569,405362105209.3063,2.0,67.9154,166,0,0.0,0,0.0,0,0.0,0,0.0,1994.0,488.89222815543604,0.0,100.0,96.5801,1.77173,1.64813,Travis,delta-wye
65,p4uhs16_1247--p4udt23451,p4udt23451-p4uhs16_1247x,p4uhs16_1247,23.5344,6.1721,6.1131,0.0,0.0,17.3623,17.0321,68.895,0.0634,6.0971,12.47,10.0605,0.1162,0.0,0.0,0.0,9.9443,9.6044,0.0827,28.589000000000002,0.027117206723918284,0,3,,2.4848,21,0,,0,21,0,0,287,8.295,281,6,46.8333,2.6639,0.8568460989000001,0.929088403,0.8779654981,0.5582,32.1651,34.876999999999995,32.9579,365,6,0,0.0,1.2927,0.9773,0.6146,371.0,6279176560.5922,45086290.5904,9447877.7576,140392909892.4866,1.9981,33.8273,94,0,0.0,0,0.0,0,0.0,0,0.0,1999.0,178.8458499406116,0.0,100.0,95.3143,0.8,3.88571,Travis,delta-wye
66,p4uhs16_1247--p4udt20685,p4udt20685-p4uhs16_1247x,p4uhs16_1247,14.2134,4.1524,3.9108,0.0,0.0,10.061,9.6034,60.8506,0.0363,3.4672,12.47,7.9954,0.0136,0.0,0.0,0.0,7.9818,7.1093,0.0704,32.010999999999996,0.020396537028486768,0,3,,1.5062,20,0,,0,37,1,0,231,6.635,228,3,76.0,2.3542,0.6930576464000001,0.7671490287999999,0.8939933248000002,0.4849,29.4392,32.5864,37.9744,389,3,0,0.0,1.6969999999999998,0.9788,0.6467,392.0,9151220833.1303,54958065.6002,11320005.1716,154893750581.1734,1.9982,34.9961,76,0,0.0,0,0.0,0,0.0,0,0.0,2000.0,120.16819354514523,0.0,100.0,96.5461,0.822368,2.63158,Travis,delta-wye
67,p4uhs6_1247--p4udt22626,p4udt22626-p4uhs6_1247x,p4uhs6_1247,31.8313,3.9810000000000003,3.1591,0.0,0.0,27.8503,26.8766,65.0569,0.0551,3.9064,12.47,14.3371,0.0759,0.0,0.0,0.0,14.2612,12.7397,0.0967,27.5941,0.02480462576244785,0,1,,0.3601,27,0,,0,78,2,1,325,10.21,317,8,39.625,3.5401,0.9997985820999999,1.2640210258,1.2762803921,0.7441,28.2421,35.7058,36.0521,570,8,0,0.0,1.784,0.9781,0.6173,578.0,9848371712.0134,60318807.078,12677895.4191,173965181971.7249,2.0,39.6655,92,0,0.0,0,0.0,0,0.0,0,0.0,1991.0,380.8325282220112,0.0,100.0,95.2975,1.15163,3.55086,Travis,delta-wye
68,p4uhs3_1247--p4udt13996,p4udt13996-p4uhs3_1247x,p4uhs3_1247,12.4438,5.5305,5.2719,0.0,0.0,6.9133,6.5878,63.6696,0.0459,4.5,12.47,6.1831,0.0471,0.0,0.0,0.0,6.136,5.4111,0.0764,29.0499,0.02281573477931857,0,2,,2.6105,29,0,,0,48,0,0,228,6.575,225,3,75.0,2.3836,0.7287189592000001,0.756828754,0.8980499031999999,0.4934,30.5722,31.7515,37.6762,268,3,0,0.0,1.1886,0.9795,0.6357,271.0,5404160662.0469,47532751.963999994,9839696.4894,131115706099.4789,1.9976,38.7023,110,0,0.0,0,0.0,0,0.0,0,0.0,2005.0,177.448875335714,0.0,100.0,99.3678,0.105374,0.52687,Travis,delta-wye
69,p4uhs6_1247--p4udt18805,p4udt18805-p4uhs6_1247x,p4uhs6_1247,24.9609,6.0463,5.7214,0.0,0.0,18.9146,18.8972,68.4127,0.0624,4.4747,12.47,11.0245,0.17,0.0,0.0,0.0,10.8545,10.6527,0.0924,29.6028,0.0275611893277564,0,2,,2.3783,28,0,,0,11,0,0,268,8.38,261,7,37.2857,2.7496,1.03818022,0.8663962103999999,0.8450263192,0.6038,37.7575,31.5099,30.7327,393,7,0,0.0,1.4925,0.9772,0.5887,400.0,7174933509.2416,49320088.9758,10831340.4048,150314857018.6129,1.9982,28.6508,67,0,0.0,0,0.0,0,0.0,0,0.0,1991.0,161.14693531758678,0.0,100.0,93.2796,1.74731,4.97312,Travis,delta-wye
70,p4uhs16_1247--p4udt2769,p4udt2769-p4uhs16_1247x,p4uhs16_1247,8.797,0.6312,0.6312,0.0,0.0,8.1658,8.1639,83.6633,0.11,2.7277,12.47,1.7155,0.0,0.0,0.0,0.0,1.7155,1.7155,0.0584,16.319000000000003,0.02144428324401176,0,0,,,3,0,,0,0,0,0,65,1.84,65,0,0.0,0.6709999999999999,0.43670961399999997,0.12604533699999998,0.10824504900000002,0.1384,65.0834,18.7847,16.1319,80,0,0,0.0,1.2308,0.977,0.6667,80.0,1992850858.8375,16714451.5771,3447176.7738,45835569753.2635,1.9913,18.2862,41,0,0.0,0,0.0,0,0.0,0,0.0,2005.0,295.29241216609523,0.0,100.0,96.8531,0.34965,2.7972,Travis,delta-wye
71,p4uhs16_1247--p4udt17342,p4udt17342-p4uhs16_1247x,p4uhs16_1247,12.0099,4.1317,4.1317,0.0,0.0,7.8782,7.867000000000001,70.9396,0.0682,3.778,12.47,4.9041,0.1147,0.0,0.0,0.0,4.7894,4.7189,0.1111,27.8996,0.027864196064746872,0,1,,1.1615,18,0,,0,0,0,0,106,3.545,101,5,20.2,1.1788,0.3046514296,0.4277841624,0.4463644080000001,0.2465,25.8442,36.2898,37.866,170,6,0,0.0,1.6604,0.9763,0.5664,176.0,4115906714.3449,27566790.6573,5764529.1341,82902780127.0036,1.9956,20.6654,49,0,0.0,0,0.0,0,0.0,0,0.0,1988.0,282.0015128515252,0.0,100.0,86.6013,6.20915,7.189539999999999,Travis,delta-wye
72,p4uhs19_1247--p4udt18907,p4udt18907-p4uhs19_1247x,p4uhs19_1247,16.7576,12.8241,11.9584,0.0,0.0,3.9335,2.7705,65.8801,0.0439,5.7602,12.47,5.5994,0.5992,0.0,0.0,0.0,5.0003,2.2872,0.0668,10.2302,0.014658160287136146,0,2,,5.1319,21,0,,0,127,0,0,180,11.525,149,31,4.8065,4.3497,1.4913381420000005,1.4384675385000003,1.4198986692,0.9079999999999999,34.286,33.0705,32.6436,335,47,0,0.0,2.1222,0.9790000000000001,0.35,382.0,8729022024.179,99395077.0054,20747982.9537,263355965520.0601,1.9981,52.2995,123,0,0.0,0,0.0,0,0.0,0,0.0,1998.0,939.223330388428,0.0,100.0,97.8927,1.27714,0.83014,Travis,delta-wye
73,p4uhs1_1247--p4udt22748,p4udt22748-p4uhs1_1247x,p4uhs1_1247,21.2661,7.8966,7.4639,0.0,0.0,13.3695,12.6662,55.1299,0.0304,3.6396,12.47,15.2478,0.0648,0.0,0.0,0.0,15.183,13.5401,0.0824,37.0819,0.021813748666504217,0,3,,2.5812,45,0,,0,94,2,0,459,15.075,456,3,152.0,8.4178,2.7946338398000004,2.7993141366,2.8238520236,1.7172,33.1991,33.2547,33.5462,694,3,2,2.8019,1.5196,0.9794,0.4351,699.0,12382800716.0166,149121958.2343,30421082.066999998,267053963939.8442,1.999,48.3859,128,0,0.0,0,0.0,0,0.0,0,0.0,1998.0,590.3821437945745,0.0,100.0,98.7811,0.60947,0.60947,Travis,delta-wye
74,p4uhs18_1247--p4udt2247,p4udt2247-p4uhs18_1247x,p4uhs18_1247,20.9807,6.7067,5.9859,0.0,0.0,14.274000000000001,14.0946,67.7837,0.0566,4.1904,12.47,8.6437,0.4861,0.0,0.0,0.0,8.1576,7.8171,0.071,26.3875,0.02329838411193086,0,1,,2.8678,25,0,,0,30,1,0,274,10.71,253,21,12.0476,3.6089,1.2036800259,1.2412486749000002,1.1639712992000002,0.7589,33.3531,34.3941,32.2528,347,24,0,0.0,1.354,0.9767,0.4269,371.0,8961720774.1129,87175209.6785,18332551.936,258706278950.8073,1.9981,25.29,64,0,0.0,0,0.0,0,0.0,0,0.0,1995.0,521.5274478715271,0.0,100.0,89.2208,5.58442,5.19481,Travis,delta-wye
75,p4uhs18_1247--p4udt2248,p4udt2248-p4uhs18_1247x,p4uhs18_1247,18.9666,5.5511,5.1023,0.0,0.0,13.4156,13.0443,73.5263,0.0643,4.0333,12.47,5.7139,0.0626,0.0,0.0,0.0,5.6512,5.2719,0.0831,21.3604,0.019369030318679658,0,1,,1.3925,27,0,,0,45,0,0,230,7.57,224,6,37.3333,2.6811,0.8951710301999999,0.8016810731999999,0.9842505777,0.5484,33.3882,29.9012,36.7107,288,7,0,0.0,1.2826,0.9789,0.6274,295.0,7489143824.9609995,68065803.9311,13922094.629,192179046626.9654,1.9978,31.7189,73,0,0.0,0,0.0,0,0.0,0,0.0,2004.0,504.9972475678344,0.0,100.0,98.1481,0.881834,0.970018,Travis,delta-wye
76,p4uhs16_1247--p4udt6223,p4udt6223-p4uhs16_1247x,p4uhs16_1247,5.7795,5.7795,5.7795,0.0,0.0,0.0,0.0,78.4162,0.098,4.5244,12.47,1.5908,1.5908,0.0,0.0,0.0,0.0,0.0,0.0561,0.0,0.02696237350949324,0,1,,2.8575,0,0,,0,1,0,0,38,2.85,0,38,0.0,0.3483,0.1160998839,0.1160998839,0.1160998839,0.0719,33.3333,33.3333,33.3333,0,59,0,0.0,1.5526,0.978,0.0,59.0,1292779981.4493,7631422.6554,1576143.743,62447846561.5331,1.9877,15.2329,36,0,0.0,0,0.0,0,0.0,0,0.0,1985.0,101.57668609534159,0.0,100.0,96.1165,0.0,3.8835,Travis,delta-wye
77,p4uhs19_1247--p4udt21543,p4udt21543-p4uhs19_1247x,p4uhs19_1247,1.3841,1.3688,1.1195,0.0,0.0,0.0153,0.0,62.8918,0.0602,0.7602,12.47,0.396,0.217,0.0,0.0,0.0,0.179,0.1238,0.0539,6.9534,0.017217384248667818,0,0,,,1,0,,0,10,0,0,20,2.25,7,13,0.5385,0.8616,0.2871902352,0.2905099800000001,0.2838997848,0.19,33.3322,33.7175,32.9503,7,16,0,0.0,1.15,0.9747,0.0354,23.0,3021144790.6156,113174510.4925,24953871.2587,295546772995.0013,1.9747,8.6784,23,0,0.0,0,0.0,0,0.0,0,0.0,1998.0,3122.0236463599267,0.0,100.0,85.2941,10.7843,3.92157,Travis,delta-wye
78,p4uhs11_1247--p4udt11208,p4udt11208-p4uhs11_1247x,p4uhs11_1247,0.6282,0.0807,0.0807,0.0,0.0,0.5475,0.5463,55.2864,0.0349,0.4272,12.47,0.5058,0.0,0.0,0.0,0.0,0.5058,0.5058,0.0824,44.6041,0.02810232955322389,0,0,,,2,0,,0,0,0,0,7,0.25,7,0,0.0,0.0987,0.026755398599999997,0.018143626200000002,0.0538008765,0.02,27.1078,18.3826,54.5095,18,0,0,0.0,2.5714,0.98,0.6667,18.0,4385215852.0427,24040968.9802,4879542.9589,60905775722.8154,1.9459,5.5075,11,0,0.0,0,0.0,0,0.0,0,0.0,1988.0,326.75592211146613,0.0,100.0,100.0,0.0,0.0,Travis,delta-wye
79,p4uhs15_1247--p4udt20507,p4udt20507-p4uhs15_1247x,p4uhs15_1247,3.475,3.475,3.475,0.0,0.0,0.0,0.0,89.9954,0.1287,2.29,12.47,0.3863,0.3863,0.0,0.0,0.0,0.0,0.0,0.0516,0.0,0.014307662640472963,0,0,,,0,0,,0,1,0,0,25,1.875,0,25,0.0,0.22899999999999998,0.076333257,0.076333257,0.076333257,0.0497,33.3333,33.3333,33.3333,0,27,0,0.0,1.08,0.9734,0.0,27.0,2191525235.2545,18585124.2397,4031914.1628,152189252448.22598,1.9753,9.0488,22,0,0.0,0,0.0,0,0.0,0,0.0,2001.0,340.9412766254158,0.0,100.0,93.75,0.0,6.25,Travis,delta-wye
80,p4uhs10_1247--p4udt21162,p4udt21162-p4uhs10_1247x,p4uhs10_1247,2.6069999999999998,2.6069999999999998,2.6058,0.0,0.0,0.0,0.0,90.1196,0.0966,1.3225,12.47,0.2844,0.2844,0.0,0.0,0.0,0.0,0.0,0.0492,0.0,0.010534958674155557,0,0,,,0,0,,0,2,1,0,24,1.8,0,24,0.0,0.2044,0.0681332652,0.0681332652,0.0681332652,0.0415,33.3333,33.3333,33.3333,0,27,0,0.0,1.125,0.98,0.0,27.0,1579033597.9902,11951060.2387,2427327.1502,105268906532.6829,1.9753,7.521,17,0,0.0,0,0.0,0,0.0,0,0.0,2002.0,467.95784171275113,0.0,100.0,100.0,0.0,0.0,Travis,delta-wye
81,p4uhs11_1247--p4udt20593,p4udt20593-p4uhs11_1247x,p4uhs11_1247,0.1606,0.1219,0.1219,0.0,0.0,0.0387,0.0381,90.5796,0.0535,0.1683,12.47,0.016,0.0006,0.0,0.0,0.0,0.0154,0.0154,0.0077,8.7168,0.005338902481466667,0,1,,0.1219,1,0,,0,0,0,0,2,0.1,1,1,1.0,0.0449,0.0121401967,0.0121401967,0.0206196066,0.0091,27.0383,27.0383,45.9234,2,1,0,0.0,1.5,0.98,0.1259,3.0,553242495.9258,8271063.8329,1679869.7729,18441416530.8603,1.7778,2.8889,6,0,0.0,0,0.0,0,0.0,0,0.0,1983.0,944.543573851964,0.0,100.0,0.0,100.0,0.0,Travis,delta-wye
82,p4uhs2_1247--p4udt19190,p4udt19190-p4uhs2_1247x,p4uhs2_1247,0.0967,0.0967,0.0967,0.0,0.0,0.0,0.0,99.3612,0.0967,0.0973,12.47,0.0006,0.0006,0.0,0.0,0.0,0.0,0.0,0.0006,0.0,0.000621371,0,0,,,0,0,,0,0,0,0,1,0.075,0,1,0.0,0.0068,0.0022666644,0.0022666644,0.0022666644,0.0014,33.3333,33.3333,33.3333,0,1,0,0.0,1.0,0.9801,0.0,1.0,836033372.2184,5701806.1209,1154814.3098,62702502916.3767,1.5,1.6667,3,0,0.0,0,0.0,0,0.0,0,0.0,1980.0,313.63559650039906,0.0,100.0,100.0,0.0,0.0,Travis,delta-wye
83,subtransmission,st_mat,,0.10300000000000001,0.10300000000000001,0.10300000000000001,0.0,0.0,0.0,0.0,100.0,,13.2166,230.0,0.0,0.0,0.0,0.0,0.0,0.0,0.0,0.0,0.0,,0,0,,,3,6,3.4051,225,268,83,77,32,1810.0,0,32,0.0,0.0,0.0,0.0,0.0,0.0,0.0,0.0,0.0,0,0,0,0.0,0.0,,,0.0,0.0,0.0,0.0,5480986772821.55,2.3004,24.1614,48,0,0.0,0,0.0,0,0.0,0,0.0,,,,,,,,,
0,p5uhs16_1247--p5udt385,p5udt385-p5uhs16_1247x,p5uhs16_1247,21.2976,7.5665,2.7781,0.0,0.0,13.7311,4.5054,13.4586,0.0118,2.2238,12.47,32.8199,0.4477,0.0,0.0,0.0,32.3722,7.3577,0.0848,13.5958,0.018122534123664814,0,2,,1.3182,72,0,,0,959,2,0,652,31.325,625,27,23.1481,12.5526,4.177630806,4.1774550696,4.1975141244,2.5538,33.281,33.2796,33.4394,1780,31,0,0.0,2.7776,0.9798,0.5870000000000001,1811.0,52031622262.1424,360647911.1875,73373968.2436,899994791475.2087,1.9996,124.2505,308,0,0.0,0,0.0,0,0.0,0,0.0,1967.0,3059.5778808928853,0.0,100.0,97.4821,2.1459200000000003,0.37196,Travis,delta-wye
1,p5uhs0_1247--p5udt3610,p5udt3610-p5uhs0_1247x,p5uhs0_1247,13.0561,6.6695,4.4875,0.0,0.0,6.3865,3.6273,32.3356,0.0167,1.4582,12.47,12.0396,0.3646,0.0,0.0,0.0,11.675,4.0244,0.0908,16.0363,0.015435348411101866,0,3,,1.3531,51,0,,0,272,1,0,278,16.2,245,33,7.4242,12.0113,3.9020389632000008,4.2763350938,3.832925943,3.2169,32.4864,35.6026,31.910999999999998,741,36,3,5.775,2.7957,0.978,0.2163,780.0,37147279136.9436,572036035.2683,153204437.1508,771520412844.2153,1.999,56.5185,141,0,0.0,0,0.0,0,0.0,0,0.0,1953.0,20932.44589408264,0.0,100.0,87.289,7.74578,4.9652400000000005,Travis,delta-wye
2,p5uhs2_1247--p5udt6874,p5udt6874-p5uhs2_1247x,p5uhs2_1247,21.4788,11.190999999999999,4.3314,0.0,0.0,10.2878,3.3787,15.3645,0.0125,1.7472,12.47,28.7024,1.1281,0.0,0.0,0.0,27.5743,5.8798,0.0888,11.7172,0.01671659866936516,0,1,,0.9971,88,0,,0,1044,2,0,726,36.325,650,76,8.5526,14.6226,4.8958950641999985,4.8681852372000005,4.8585196986,3.0028,33.4817,33.2922,33.2261,1623,94,0,0.0,2.365,0.9797,0.4762,1717.0,58504684926.0371,498246122.0939,102317793.7673,1237730157215.0752,1.9996,112.4425,286,0,0.0,0,0.0,0,0.0,0,0.0,1954.0,8985.842472097878,0.0,100.0,95.3261,4.17217,0.5017159999999999,Travis,delta-wye
3,p5uhs6_1247--p5udt7214,p5udt7214-p5uhs6_1247x,p5uhs6_1247,11.6132,8.9247,5.1964,0.0,0.0,2.6885,1.8867,37.12,0.0207,1.5335,12.47,7.4683,2.256,0.0,0.0,0.0,5.2123,1.9959,0.0744,10.4601,0.013312531256382078,0,1,,0.8543,39,0,,0,283,3,0,277,31.275,152,125,1.216,14.444,4.81656846,4.8112675120000015,4.816178472000001,2.9367,33.3465,33.3098,33.3438,358,201,2,2.1965,2.0180000000000002,0.98,0.1128,561.0,34152845771.2228,879329113.7987,178783188.0219,1903975492860.9482,1.9988,49.8973,122,0,0.0,0,0.0,0,0.0,0,0.0,1992.0,15571.062387368765,0.0,100.0,98.6467,1.2945,0.0588408,Travis,delta-wye
4,p5uhs6_1247--p5udt3745,p5udt3745-p5uhs6_1247x,p5uhs6_1247,17.5843,11.9704,6.9518,0.0,0.0,5.6139,2.0122,26.8046,0.0161,1.9882,12.47,15.8576,1.5249,0.0,0.0,0.0,14.3327,4.1731,0.1196,12.4787,0.014481805561814843,0,1,,1.0201,78,0,,0,529,1,0,468,36.25,350,118,2.9661,13.8491,4.6027899323,4.627039706400001,4.6192703613,2.8495,33.2353,33.4104,33.3543,942,153,0,0.0,2.3397,0.9789,0.2719,1095.0,47182367076.715996,596743116.564,122781318.7547,1561973339297.671,1.9994,64.2097,176,0,0.0,0,0.0,0,0.0,0,0.0,1967.0,10532.080511083905,0.0,100.0,93.4513,5.24519,1.30354,Travis,delta-wye
5,p5uhs16_1247--p5udt746,p5udt746-p5uhs16_1247x,p5uhs16_1247,22.6817,9.9739,5.1177,0.0,0.0,12.7078,4.6189,20.2169,0.0155,1.7669,12.47,25.4791,0.9781,0.0,0.0,0.0,24.500999999999998,5.3656,0.0809,11.140999999999998,0.017451445865282078,0,1,,1.2189,76,0,,0,802,1,0,590,28.65,530,60,8.8333,13.0079,4.311338375999998,4.3958376944,4.300723929599998,2.7293,33.144,33.7936,33.0624,1381,78,1,1.3878,2.4704,0.9781,0.433,1460.0,52985328939.8383,472074040.9006,99048778.3062,1039746352141.3434,1.9995,90.0412,247,0,0.0,0,0.0,0,0.0,0,0.0,1971.0,3637.8852363239057,0.0,100.0,94.4922,2.54696,2.96084,Travis,delta-wye
6,p5uhs2_1247--p5udt2335,p5udt2335-p5uhs2_1247x,p5uhs2_1247,13.2222,6.6732,3.7729,0.0,0.0,6.5489999999999995,3.2835,24.6149,0.0121,2.0337,12.47,15.445,0.6982,0.0,0.0,0.0,14.7468,4.1391,0.0872,14.4383,0.014143814267322391,0,2,,0.9186,51,0,,0,440,0,0,397,25.8,339,58,5.8448,11.7302,3.7594704489999997,3.859927881800001,4.1108016692,2.4607,32.0495,32.9059,35.0446,1020,70,2,1.7861,2.7437,0.9786,0.3541,1092.0,60455474058.5316,649411704.1515,136226903.9956,1428343617866.4026,1.9993,64.9562,177,0,0.0,0,0.0,0,0.0,0,0.0,1967.0,27063.86721846735,0.0,100.0,92.0497,5.87792,2.07234,Travis,delta-wye
7,p5uhs1_1247--p5udt6125,p5udt6125-p5uhs1_1247x,p5uhs1_1247,7.4249,6.0995,4.1401,0.0,0.0,1.3254,0.7108,38.8149,0.0199,1.3214,12.47,5.0727,1.3325,0.0,0.0,0.0,3.7402,1.4817,0.0917,11.8562,0.013599753852275362,0,1,,0.9541,32,0,,0,171,0,0,200,22.075,124,76,1.6316,16.7271,5.5708937466,5.5841416098000005,5.572064643599999,3.5269,33.3046,33.3838,33.3116,248,118,7,8.0041,1.8557,0.9778,0.0814,373.0,27299483372.2475,1224239970.3416,258132584.2519,1615646368478.1868,1.9982,41.7913,110,0,0.0,0,0.0,0,0.0,0,0.0,1971.0,14636.228558408133,0.0,100.0,90.1639,8.54446,1.2916,Travis,delta-wye
8,p5uhs5_1247--p5udt3577,p5udt3577-p5uhs5_1247x,p5uhs5_1247,13.9982,6.6987,5.2724,0.0,0.0,7.2995,3.3446,28.8075,0.0142,2.1394,12.47,15.9139,1.0884,0.0,0.0,0.0,14.8256,4.6801,0.0832,15.6461,0.016156285583163232,0,2,,1.3409,51,0,,0,376,0,0,345,22.8,293,52,5.6346,12.7295,4.61546211,4.0714669275,4.0425709625,2.7574,36.258,31.9845,31.7575,906,74,5,3.6891,2.8468,0.9791,0.2642,985.0,48875682743.4902,631637704.5198,136822748.9073,1131335600559.974,1.9992,55.8333,155,0,0.0,0,0.0,0,0.0,0,0.0,1981.0,240849.9559729023,0.0,100.0,94.1617,4.57594,1.26233,Travis,delta-wye
9,p5uhs1_1247--p5udt4788,p5udt4788-p5uhs1_1247x,p5uhs1_1247,5.5772,4.7662,3.3417,0.0,0.0,0.8111,0.7008,49.2171,0.0321,1.7146,12.47,2.6364,0.9714,0.0,0.0,0.0,1.665,0.8017,0.0553,9.7606,0.01515177822490564,0,1,,1.0457,15,0,,0,81,1,0,95,15.625,49,46,1.0652,10.2903,3.4610806632,3.4256511602999997,3.4035681765,2.1046,33.6344,33.2901,33.0755,98,72,4,4.3081,1.8125,0.9772,0.0515,174.0,11279460484.8376,667066586.0002,136429799.9276,1012882586641.3102,1.9962,32.2983,82,0,0.0,0,0.0,0,0.0,0,0.0,2002.0,33069.43376611989,0.0,100.0,95.0393,4.42541,0.5353319999999999,Travis,delta-wye
10,p5uhs1_1247--p5udt4629,p5udt4629-p5uhs1_1247x,p5uhs1_1247,7.2607,6.5684,4.6963,0.0,0.0,0.6924,0.5736,48.6875,0.0277,1.4261,12.47,3.5633,1.5114,0.0,0.0,0.0,2.0519,1.1339,0.1087,10.4761,0.013600327631162822,0,4,,0.8894,19,0,,0,115,4,0,162,27.75,75,87,0.8621,16.8642,5.6034340056,5.6181058596,5.642643270600001,3.8725,33.2268,33.3138,33.4593,131,123,8,6.3222,1.6074,0.9753,0.0455,262.0,13311638721.3497,856832857.3068,196753184.5571,1409915933272.7231,1.9975,33.4207,93,0,0.0,0,0.0,0,0.0,0,0.0,1990.0,9576.625385350066,0.0,100.0,79.9138,16.4655,3.62069,Travis,delta-wye
11,p5uhs3_1247--p5udt2481,p5udt2481-p5uhs3_1247x,p5uhs3_1247,16.7045,9.7139,6.5001,0.0,0.0,6.9907,5.191,39.1877,0.0186,1.4818,12.47,13.129000000000001,1.6226,0.0,0.0,0.0,11.5064,5.2248,0.1757,17.5132,0.014652851651039078,0,1,,0.6876,76,0,,0,267,0,0,376,31.2,269,107,2.5140000000000002,16.4602,5.585719489400001,5.4496923966,5.424788114,3.4481,33.9347,33.1083,32.957,737,153,6,4.0273,2.3767,0.9771,0.1787,896.0,45991914179.5504,844903981.2194,176991783.1277,1601504154466.4836,1.9992,51.7927,135,0,0.0,0,0.0,0,0.0,0,0.0,1978.0,4273.634715493974,0.0,100.0,85.7473,10.7858,3.46687,Travis,delta-wye
12,p5uhs5_1247--p5udt2369,p5udt2369-p5uhs5_1247x,p5uhs5_1247,18.4176,7.9841,5.4667,0.0,0.0,10.4335,5.0959,25.0786,0.0116,2.5086,12.47,23.7007,0.722,0.0,0.0,0.0,22.9787,9.0401,0.0833,21.4637,0.014868675283900628,0,1,,1.9158,65,0,,0,556,0,0,541,30.3,473,68,6.9559,12.0357,3.8769757911,4.0225114755,4.1362127334,2.4842,32.2123,33.4215,34.3662,1516,78,0,0.0,2.9464,0.9789,0.4862,1594.0,65741887164.4487,496393724.5477,102457842.309,1249673262912.666,1.9995,76.135,243,0,0.0,0,0.0,0,0.0,0,0.0,1978.0,6716.413465860365,0.0,100.0,95.5419,2.88308,1.57501,Travis,delta-wye
13,p5uhs5_1247--p5udt4880,p5udt4880-p5uhs5_1247x,p5uhs5_1247,10.3561,5.7527,3.1028,0.0,0.0,4.6034,2.0376,23.7037,0.0148,1.8665,12.47,11.3301,1.4497,0.0,0.0,0.0,9.8804,2.8345,0.0671,13.0704,0.01620896419207642,0,1,,1.1222,36,0,,0,330,0,0,294,26.65,221,73,3.0274,10.2807,3.4186206095999996,3.4397577288,3.4223216616000003,2.0984,33.2528,33.4584,33.2888,591,108,0,0.0,2.3776,0.9795,0.231,699.0,40492198521.7672,595545323.1414,121555097.1602,1543801274113.1528,1.999,68.7784,185,0,0.0,0,0.0,0,0.0,0,0.0,1976.0,3376410.7055082545,0.0,100.0,92.3039,7.05882,0.637255,Travis,delta-wye
14,p5uhs5_1247--p5udt4497,p5udt4497-p5uhs5_1247x,p5uhs5_1247,16.7906,8.479,5.5421,0.0,0.0,8.3115,4.8175,31.1036,0.0156,1.9906,12.47,16.5164,1.2678,0.0,0.0,0.0,15.2486,6.4519,0.1219,19.3709,0.015321350640990015,0,2,,1.255,68,0,,0,378,1,0,422,30.15,339,83,4.0843,13.5134,4.458111200199999,4.5687859462,4.486516367,2.9924,32.9903,33.8093,33.2005,971,105,2,1.8057,2.5485,0.9788,0.2702,1078.0,43454258206.5773,544725470.7514,120625503.3518,1215348687317.5312,1.9993,68.0121,183,0,0.0,0,0.0,0,0.0,0,0.0,1969.0,162970.4889557358,0.0,100.0,90.8621,7.28448,1.85345,Travis,delta-wye
15,p5uhs9_1247--p5udt20856,p5udt20856-p5uhs9_1247x,p5uhs9_1247,21.0069,12.437000000000001,10.4752,0.0,0.0,8.5699,3.9372,37.0006,0.0182,1.8774,12.47,17.9448,1.6622,0.0,0.0,0.0,16.2826,6.0762,0.0923,15.5993,0.01553664101399312,0,3,,1.3081,61,0,,0,429,1,0,530,35.325,403,127,3.1732,13.6166,4.4863429016000005,4.459831381399999,4.6704257170000005,2.7877,32.9476,32.7529,34.2995,1002,153,0,0.0,2.1792,0.9797,0.3374,1155.0,50905785975.1368,600142853.1675,122866213.2921,1556923713914.8914,1.9994,52.6716,137,0,0.0,0,0.0,0,0.0,0,0.0,1970.0,1346.4909340568265,0.0,100.0,98.0034,1.73202,0.264614,Travis,delta-wye
16,p5uhs4_1247--p5udt4324,p5udt4324-p5uhs4_1247x,p5uhs4_1247,16.570999999999998,8.6483,4.2292,0.0,0.0,7.9227,5.0337,28.0557,0.0142,1.5941,12.47,16.4453,0.7893,0.0,0.0,0.0,15.655999999999999,6.4242,0.0964,19.4576,0.014079897543251804,0,1,,0.9487,87,0,,0,414,0,0,442,24.6,377,65,5.8,10.8599,3.6152172704,3.6146416957,3.6300410339,2.3876,33.2896,33.2843,33.4261,1087,80,1,1.004,2.6366,0.9791,0.3845,1168.0,55090588264.5595,512222508.7131,112613089.1134,1160298348722.7388,1.9994,63.068999999999996,168,0,0.0,0,0.0,0,0.0,0,0.0,1952.0,2017.2851602588528,0.0,100.0,96.9489,1.6781099999999998,1.3730000000000002,Travis,delta-wye
17,p5uhs4_1247--p5udt2507,p5udt2507-p5uhs4_1247x,p5uhs4_1247,15.76,7.8764,5.0347,0.0,0.0,7.8836,2.4692,20.8812,0.0129,1.8798,12.47,20.1759,0.8202,0.0,0.0,0.0,19.3557,3.9124,0.0801,10.8873,0.016537591757470587,0,4,,0.9542,51,0,,0,539,0,0,411,25.925,345,66,5.2273,17.201,5.698674099,5.812630724000001,5.689695177000001,3.5229,33.1299,33.7924,33.0777,1138,77,5,7.0088,2.9612,0.9795,0.2384,1220.0,58586533056.020996,826021399.2891,169174646.4162,1244963827440.4414,1.9994,79.6725,203,0,0.0,0,0.0,0,0.0,0,0.0,1961.0,14993.093205498471,0.0,100.0,94.0872,5.006469999999998,0.906344,Travis,delta-wye
18,p5uhs4_1247--p5udt7236,p5udt7236-p5uhs4_1247x,p5uhs4_1247,4.1862,3.133,2.4537,0.0,0.0,1.0532,0.3,43.1057,0.0245,1.3093,12.47,2.202,0.6486,0.0,0.0,0.0,1.5534,0.35600000000000004,0.0547,5.5729999999999995,0.01287722134619117,0,0,,,10,0,,0,68,0,0,71,11.725,46,25,1.84,10.2732,3.7027797492,3.2796882804000003,3.2907319704000004,2.4443,36.0431,31.9247,32.0322,117,49,5,5.8986,2.375,0.9779,0.0445,171.0,14548523236.9917,874033682.3185,207957481.772,997552251191.3922,1.9957,22.2802,59,0,0.0,0,0.0,0,0.0,0,0.0,1969.0,76262.30545988923,0.0,100.0,94.0313,4.79452,1.1741700000000002,Travis,delta-wye
19,p5uhs0_1247--p5udt119,p5udt119-p5uhs0_1247x,p5uhs0_1247,25.5258,12.2857,6.4673,0.0,0.0,13.2401,7.7545,25.8644,0.0129,1.7594,12.47,29.46,0.8216,0.0,0.0,0.0,28.6383,10.0355,0.0975,18.2512,0.01484129507107322,0,0,,,133,0,,0,668,0,0,654,37.0,577,77,7.4935,16.1341,5.377640736900001,5.3420489123,5.414410350800001,3.3419,33.3309,33.1103,33.5588,1897,87,1,1.3842,3.0305,0.9787,0.4072,1985.0,87066114490.1699,707674492.6539,146583016.5877,1622894829287.7932,1.9996,81.2657,216,0,0.0,0,0.0,0,0.0,0,0.0,1970.0,5411.531803410968,0.0,100.0,90.9179,6.2277,2.85436,Travis,delta-wye
20,p5uhs26_1247--p5udt22654,p5udt22654-p5uhs26_1247x,p5uhs26_1247,29.2262,12.3232,8.1689,0.0,0.0,16.9031,10.1919,32.3351,0.0157,2.0457,12.47,27.5566,0.8364,0.0,0.0,0.0,26.7202,7.6737,0.0962,13.5142,0.014767722447379934,0,1,,1.2973,83,0,,0,670,2,0,632,36.6,572,60,9.5333,14.9289,4.916967575099999,5.0585234049,4.9534090200000005,3.1107,32.9359,33.8841,33.18,1798,67,1,0.3896,2.9479,0.9792,0.4799,1866.0,53655286120.5392,429268072.1609,89445833.0308,1052402718119.8956,1.9996,88.8422,239,0,0.0,0,0.0,0,0.0,0,0.0,1981.0,1618.748137011901,0.0,100.0,95.325,3.22121,1.45382,Travis,delta-wye
21,p5uhs7_1247--p5udt2039,p5udt2039-p5uhs7_1247x,p5uhs7_1247,26.4579,13.2313,8.634,0.0,0.0,13.2266,8.5383,32.6966,0.0147,1.7005,12.47,26.0623,1.6896,0.0,0.0,0.0,24.3727,11.6165,0.1004,22.1181,0.014462989848279803,0,1,,0.9298,96,0,,0,512,1,0,624,39.3,524,100,5.24,15.6311,5.2347303412,5.1899628708,5.206422419100001,3.2715,33.4892,33.2028,33.3081,1670,130,2,0.5055,2.8832,0.9781,0.3635,1802.0,61477722916.2034,533275070.931,111612260.7128,1340773868261.255,1.9996,69.2745,162,0,0.0,0,0.0,0,0.0,0,0.0,1973.0,26380.222006545362,0.0,100.0,86.7014,9.09722,4.20139,Travis,delta-wye
22,p5uhs26_1247--p5udt12371,p5udt12371-p5uhs26_1247x,p5uhs26_1247,23.894000000000002,11.7997,8.6197,0.0,0.0,12.0943,5.3019,26.2042,0.0132,2.2887,12.47,29.2333,1.1585,0.0,0.0,0.0,28.0748,9.1857,0.1106,17.2899,0.016097628880569963,0,2,,1.3374,92,0,,0,669,0,0,625,33.55,553,72,7.6806,13.5752,4.5770280072,4.484798098400001,4.513373894400001,2.8681,33.7161,33.0367,33.2472,1732,84,0,0.0,2.9056,0.9777,0.4793,1816.0,61004244633.1791,456026064.3315,96346145.7072,1127033264010.5452,1.9996,64.7306,173,0,0.0,0,0.0,0,0.0,0,0.0,1965.0,9356.187736298001,0.0,100.0,90.2878,4.64029,5.0719400000000014,Travis,delta-wye
23,p5uhs7_1247--p5udt2290,p5udt2290-p5uhs7_1247x,p5uhs7_1247,11.7227,4.3847,2.1531,0.0,0.0,7.337999999999999,4.7503,27.4634,0.0121,1.631,12.47,13.4138,0.2243,0.0,0.0,0.0,13.1894,5.1944,0.0761,20.6649,0.013814369922464344,0,1,,1.2189,47,0,,0,275,1,0,290,14.825,266,24,11.0833,6.818,2.263664634,2.258210234,2.296125132,1.4256,33.2013,33.1213,33.6774,944,26,1,0.8583,3.3368,0.9795,0.4542,971.0,57914741963.0887,406655570.948,85027304.517,884228681362.2992,1.9991,56.1339,142,0,0.0,0,0.0,0,0.0,0,0.0,1949.0,8879.59454380731,0.0,100.0,88.2353,10.1844,1.58033,Travis,delta-wye
24,p5uhs7_1247--p5udt1899,p5udt1899-p5uhs7_1247x,p5uhs7_1247,22.3286,12.540999999999999,9.3386,0.0,0.0,9.7876,5.165,32.5563,0.0165,2.5326,12.47,22.2206,1.1634,0.0,0.0,0.0,21.0571,7.3534,0.0808,16.5063,0.01642318482959732,0,3,,1.5054,73,0,,0,465,0,0,486,30.0,409,77,5.3117,13.4321,4.3906042554,4.6285136106,4.412982134,3.0886,32.6874,34.4586,32.854,1258,93,2,1.6886,2.7782,0.9758,0.3291,1353.0,40662735343.4782,403684871.6856,92824873.369,901612757061.5972,1.9994,73.0564,184,0,0.0,0,0.0,0,0.0,0,0.0,1966.0,41146.773404419,0.0,100.0,80.2279,8.94587,10.8262,Travis,delta-wye
25,p5uhs6_1247--p5udt8728,p5udt8728-p5uhs6_1247x,p5uhs6_1247,7.9441,7.2895,5.7017,0.0,0.0,0.6546,0.5266,59.3509,0.0369,1.4798,12.47,2.5499,1.0932,0.0,0.0,0.0,1.4567,0.8379,0.0694,7.9842,0.011860108566009777,0,3,,1.1927,17,0,,0,67,2,0,134,22.75,53,81,0.6543,14.8617,4.9690539801,4.9394643354,4.9531816845,4.644,33.4353,33.2362,33.3285,97,111,7,6.4428,1.5926,0.9624,0.0267,215.0,14469652343.0368,1000202674.9929,312542370.1528,1531091120019.0095,1.9968,23.6009,59,0,0.0,0,0.0,0,0.0,0,0.0,1980.0,484363.5721193136,0.0,100.0,81.8276,5.08827,13.0841,Travis,delta-wye
26,p5uhs3_1247--p5udt6002,p5udt6002-p5uhs3_1247x,p5uhs3_1247,5.0561,3.1803,2.867,0.0,0.0,1.8758,0.8037,45.4891,0.0235,1.483,12.47,3.0133,0.6415,0.0,0.0,0.0,2.3719,0.8812,0.0889,10.9198,0.014015579769019905,0,3,,0.8109,11,0,,0,84,0,0,97,14.0,66,31,2.129,15.1176,4.959782208,4.976940684,5.180877108,3.1599,32.808,32.9215,34.2705,164,43,8,9.7915,2.1939,0.9777,0.040999999999999995,215.0,13577942085.1981,954722946.2733,199559496.0096,884145066012.898,1.9967,25.1688,58,0,0.0,0,0.0,0,0.0,0,0.0,1993.0,16954.353817122446,0.0,100.0,90.3714,7.15268,2.47593,Travis,delta-wye
27,p5uhs9_1247--p5udt24963,p5udt24963-p5uhs9_1247x,p5uhs9_1247,6.1869,5.5013,5.2964,0.0,0.0,0.6856,0.6647,73.0485,0.0499,1.3693,12.47,1.9735,0.9408,0.0,0.0,0.0,1.0326,0.8172,0.0765,10.014,0.015915188201193947,0,0,,,11,0,,0,13,1,0,95,9.8,28,67,0.4179,3.6692,1.2280922476,1.2230434284,1.218064324,0.76,33.4703,33.3327,33.196999999999996,42,82,0,0.0,1.3053,0.9790000000000001,0.0698,124.0,7749044973.8055,229297745.343,47493199.3086,612424522123.3391,1.9944,16.4457,38,0,0.0,0,0.0,0,0.0,0,0.0,1990.0,3514.856647854565,0.0,100.0,98.2386,1.53409,0.227273,Travis,delta-wye
28,p5uhs3_1247--p5udt7358,p5udt7358-p5uhs3_1247x,p5uhs3_1247,2.4771,2.2912,2.2028,0.0,0.0,0.1859,0.1821,65.7992,0.031,0.8307,12.47,1.1475,0.5903,0.0,0.0,0.0,0.5571,0.4532,0.1103,12.5024,0.014343704862587504,0,1,,0.7661,6,0,,0,8,0,0,42,11.85,13,29,0.4483,11.072000000000001,3.664676992,3.71919552,3.688127488,2.2824,33.0986,33.591,33.3104,22,53,5,6.6066,1.8605,0.9778,0.0092,80.0,10390976700.0307,1438108202.8155,296457116.071,1539163423692.0469,1.9901,10.0667,22,0,0.0,0,0.0,0,0.0,0,0.0,1977.0,12109.396185743271,0.0,100.0,96.4755,3.2088400000000004,0.315623,Travis,delta-wye
29,p5uhs3_1247--p5udt6366,p5udt6366-p5uhs3_1247x,p5uhs3_1247,3.6911,3.4712,3.2211,0.0,0.0,0.2199,0.1701,59.4904,0.0269,1.1065,12.47,2.0092,1.0344,0.0,0.0,0.0,0.9749,0.8995,0.1132,15.7793,0.01466601996716905,0,1,,0.688,10,0,,0,13,1,0,76,19.8,27,49,0.551,12.3396,4.106335069200002,4.1189954988,4.1142694319999995,2.7960000000000003,33.2777,33.3803,33.342,47,85,5,4.4756,1.7792,0.971,0.0137,137.0,12625229993.213001,1137151557.1702,257665647.7757,1824668276391.37,1.9944,13.3748,35,0,0.0,0,0.0,0,0.0,0,0.0,1944.0,12659.656313760246,0.0,100.0,11.9205,60.9272,27.1523,Travis,delta-wye
30,p5uhs1_1247--p5udt6240,p5udt6240-p5uhs1_1247x,p5uhs1_1247,2.2143,1.9597,1.5199,0.0,0.0,0.2547,0.1295,43.5342,0.0199,0.7064,12.47,1.5745,0.5326,0.0,0.0,0.0,1.0418,0.524,0.084,13.8298,0.014184275352721537,0,0,,,8,0,,0,44,0,0,70,7.825,42,28,1.5,3.9134,1.2963294036,1.3041562036000005,1.3129143928,0.8464,33.1254,33.3254,33.5492,70,40,1,0.8925,1.5634,0.977,0.1285,111.0,16424896748.3028,579067683.9196,125244063.7035,1157881234733.957,1.9942,19.1776,51,0,0.0,0,0.0,0,0.0,0,0.0,1948.0,834.0856335949367,0.0,100.0,32.8947,59.8684,7.236839999999999,Travis,delta-wye
31,p5uhs25_1247--p5udt26874,p5udt26874-p5uhs25_1247x,p5uhs25_1247,4.7964,1.7135,1.3773,0.0,0.0,3.0829,0.6323,20.511,0.0164,1.9487,12.47,5.0016,0.0948,0.0,0.0,0.0,4.9068,1.557,0.0674,15.8915,0.017070188363094964,0,0,,,10,0,,0,165,0,0,126,7.95,118,8,14.75,4.1736,1.3471671288000002,1.5087522264000004,1.3176806448000002,0.8475,32.2783,36.1499,31.5718,282,10,1,1.3031,2.3071,0.98,0.3044,293.0,17631376533.4647,251148406.4306,50996932.373,478394004918.2408,1.9977,48.9618,118,0,0.0,0,0.0,0,0.0,0,0.0,1972.0,1275.151242133993,0.0,100.0,97.9104,2.08955,0.0,Travis,delta-wye
32,p5uhs3_1247--p5udt7453,p5udt7453-p5uhs3_1247x,p5uhs3_1247,2.763,2.3862,1.9523,0.0,0.0,0.3767,0.3724,63.7326,0.0325,1.0761,12.47,0.8846,0.4718,0.0,0.0,0.0,0.4128,0.3872,0.0834,10.6149,0.010406891178834242,0,3,,0.7818,4,0,,0,12,0,0,36,11.9,10,26,0.3846,14.2955,4.745076724,4.778842695000002,4.771580581,3.0608,33.1928,33.429,33.3782,22,52,11,9.9278,2.2973,0.9773,0.0041,85.0,8349959539.7018,1404320701.0448,300676008.5206,1168994335558.2583,1.99,9.101,25,0,0.0,0,0.0,0,0.0,0,0.0,2006.0,21051.693179380538,0.0,100.0,96.8019,2.88612,0.312012,Travis,delta-wye
33,p5uhs25_1247--p5udt11223,p5udt11223-p5uhs25_1247x,p5uhs25_1247,4.4334,1.1067,1.1067,0.0,0.0,3.3267,3.3255,81.7735,0.0869,1.8706,12.47,0.9866,0.1955,0.0,0.0,0.0,0.7912,0.7912,0.0604,14.5968,0.019345859990886675,0,0,,,2,0,,0,0,0,0,40,4.325,24,16,1.5,1.6079,0.5043435614,0.4939340168,0.6096240297,0.3333,31.3666,30.7192,37.9143,30,21,0,0.0,1.275,0.9675,0.0662,51.0,2909693412.4562,91736090.4212,19016565.7509,246753411938.6845,1.9862,11.1661,27,0,0.0,0,0.0,0,0.0,0,0.0,1974.0,9523.429475798195,0.0,100.0,0.0,58.8235,41.1765,Travis,delta-wye
34,p5uhs19_1247--p5udt17094,p5udt17094-p5uhs19_1247x,p5uhs19_1247,9.1993,2.9345,1.0211,0.0,0.0,6.2648,2.7532,19.4851,0.0135,2.0093,12.47,10.1709,0.0844,0.0,0.0,0.0,10.0865,2.503,0.0786,12.9221,0.01489157674594093,0,1,,1.4617,36,0,,0,328,2,0,247,10.525,238,9,26.4444,6.6212,2.0661851872,2.0673240336000003,2.4876907792,1.3537,31.2056,31.2228,37.5716,673,9,1,2.3766,2.7539999999999996,0.9796,0.3941,683.0,33912206433.1988,328756346.6039,67216155.16600001,522585611580.4083,1.9989,65.1875,164,0,0.0,0,0.0,0,0.0,0,0.0,1956.0,311.5588628127363,0.0,100.0,97.6513,1.62602,0.7226739999999999,Travis,delta-wye
35,p5uhs3_1247--p5udt2480,p5udt2480-p5uhs3_1247x,p5uhs3_1247,0.8396,0.7616,0.7603,0.0,0.0,0.078,0.0695,62.3037,0.0165,0.5167,12.47,0.4923,0.2462,0.0,0.0,0.0,0.2461,0.2131,0.0448,16.0003,0.009653447456006863,0,0,,,3,0,,0,4,1,0,22,5.25,10,12,0.8333,9.9237,3.2846851578000003,3.3325074681,3.3065073741,2.0305,33.0994,33.5813,33.3193,20,25,6,7.9542,2.2174,0.9784,0.0076,51.0,11219319532.4814,2183090346.7382,446690854.4689,1154929951873.0842,1.9831,9.4733,23,0,0.0,0,0.0,0,0.0,0,0.0,1959.0,8666.626788958763,0.0,100.0,84.2105,14.8026,0.986842,Travis,delta-wye
36,p5uhs27_1247--p5udt23432,p5udt23432-p5uhs27_1247x,p5uhs27_1247,26.6359,10.9075,5.5277,0.0,0.0,15.7283,7.0541,23.8801,0.0172,3.9548,12.47,26.0515,0.8301,0.0,0.0,0.0,25.2214,7.3943,0.0804,14.0343,0.016850881155302526,0,5,,1.6487,66,0,,0,860,1,1,647,33.335,599,48,12.4792,13.0836,4.430695722,4.3123938108,4.3405104672000006,2.68,33.8645,32.9603,33.1752,1481,65,0,0.0,2.3895,0.9796,0.5108,1546.0,30646048128.4707,259353571.7938,53126071.2387,660793023520.4169,2.0,104.1708,315,0,0.0,0,0.0,0,0.0,0,0.0,1990.0,1052.4379260840249,0.0,100.0,99.2176,0.331911,0.45045,Travis,delta-wye
37,p5uhs27_1247--p5udt16841,p5udt16841-p5uhs27_1247x,p5uhs27_1247,14.8522,5.5129,5.4185,0.0,0.0,9.3393,9.3269,63.9905,0.0422,5.0059,12.47,8.1909,0.1973,0.0,0.0,0.0,7.9936,7.8883,0.08199999999999999,34.2328,0.023269635181050543,0,1,,2.4664,20,0,,0,6,0,0,269,13.35,253,16,15.8125,4.71,1.56982887,1.56914592,1.57102521,0.9573,33.3297,33.3152,33.3551,334,18,0,0.0,1.3086,0.9796,0.3523,352.0,8466021081.6863,113281559.2725,23023175.7346,321083470001.4582,1.9980000000000002,37.8125,93,0,0.0,0,0.0,0,0.0,0,0.0,1997.0,784.7404713403968,0.0,100.0,98.5465,1.09012,0.363372,Travis,delta-wye
38,p5uhs15_1247--p5udt31571,p5udt31571-p5uhs15_1247x,p5uhs15_1247,26.2318,13.4625,9.3117,0.0,0.0,12.7694,5.2049,30.3986,0.0197,3.1484,12.47,21.5223,0.899,0.0,0.0,0.0,20.6234,4.8736,0.0828,10.2057,0.016194392848746263,0,1,,1.608,66,0,,0,803,1,0,626,33.385,548,78,7.0256,14.9885,5.015122123,5.009606355,4.963771521999999,3.0522,33.4598,33.423,33.1172,1235,92,2,1.9603,2.1196,0.9797,0.4021,1329.0,29145938848.6511,328708870.7655,66937336.0884,732157387857.1954,1.9995,118.7921,276,0,0.0,0,0.0,0,0.0,0,0.0,1982.0,930.4549439346582,0.0,100.0,99.0821,0.596604,0.321248,Travis,delta-wye
39,p5uhs15_1247--p5udt17500,p5udt17500-p5uhs15_1247x,p5uhs15_1247,17.1837,12.5419,7.1547,0.0,0.0,4.6418,1.3968,29.531,0.0216,2.1474,12.47,11.7738,2.3359,0.0,0.0,0.0,9.4379,1.6318,0.0723,5.6352,0.014772679058298894,0,1,,1.6252,54,0,,0,567,3,0,447,35.425,306,141,2.1702,15.6623,5.1811514892,5.1841429885000005,5.2970055223,3.2426,33.0804,33.0995,33.8201,609,186,2,1.8334,1.7516,0.9796,0.2074,797.0,27693946642.8419,544227861.2603,112671420.9959,1230938594507.7454,1.9992,86.289,194,0,0.0,0,0.0,0,0.0,0,0.0,1978.0,1129.3678179362018,0.0,100.0,97.0934,2.55432,0.352319,Travis,delta-wye
40,p5uhs11_1247--p5udt24796,p5udt24796-p5uhs11_1247x,p5uhs11_1247,26.2347,9.0829,6.9125,0.0,0.0,17.1519,15.2972,51.6618,0.0333,3.8080000000000003,12.47,16.7558,0.5607,0.0,0.0,0.0,16.1952,13.6325,0.0951,31.7105,0.0212637536077008,0,3,,2.4499,55,0,,0,207,1,0,601,21.475,563,38,14.8158,7.737,2.829668484,2.3854486290000003,2.5218828870000003,1.5962,36.5732,30.8317,32.5951,743,45,0,0.0,1.3111,0.9793,0.5346,788.0,16742212490.0603,164384234.212,33914175.7333,456267783279.2429,1.9992,70.7906,182,0,0.0,0,0.0,0,0.0,0,0.0,1992.0,386.0554678286264,0.0,100.0,98.6237,0.688156,0.688156,Travis,delta-wye
41,p5uhs11_1247--p5udt19826,p5udt19826-p5uhs11_1247x,p5uhs11_1247,11.6565,7.0246,6.8993,0.0,0.0,4.632,2.6589,57.8026,0.0476,3.8517,12.47,4.8793,0.5482,0.0,0.0,0.0,4.3311,2.2786,0.0782,13.7798,0.019915550254442457,0,2,,2.6506,10,0,,0,123,0,0,188,15.55,148,40,3.7,6.7497,2.0559316212,2.3594858793,2.3342757498,1.3742,30.4596,34.9569,34.5834,201,43,1,0.8408,1.2963,0.9796,0.1624,245.0,9017562679.0494,248432561.3762,50579948.9341,572339182282.5232,1.9975,42.9169,127,0,0.0,0,0.0,0,0.0,0,0.0,1983.0,649.5989113686833,0.0,100.0,87.1199,12.3435,0.536673,Travis,delta-wye
42,p5uhs28_1247--p5udt9102,p5udt9102-p5uhs28_1247x,p5uhs28_1247,18.6514,8.917,3.8930000000000002,0.0,0.0,9.7344,3.0871,17.5906,0.0144,4.963,12.47,21.03,0.4133,0.0,0.0,0.0,20.6167,5.3389,0.0803,13.4544,0.016264523227326667,0,3,,3.2187,52,0,,0,884,3,0,624,32.175,599,25,23.96,12.293,4.091012056,4.087201226,4.114799011000001,2.4963,33.2792,33.2482,33.4727,1257,36,0,0.0,2.0721,0.98,0.532,1293.0,33601283526.4489,319459673.84099996,64870721.0951,836134027427.29,1.9995,126.0648,337,0,0.0,0,0.0,0,0.0,0,0.0,1982.0,543.157172964553,0.0,100.0,99.0712,0.928793,0.0,Travis,delta-wye
43,p5uhs28_1247--p5udt30878,p5udt30878-p5uhs28_1247x,p5uhs28_1247,9.207,4.5045,1.6205,0.0,0.0,4.7024,1.8689,20.6983,0.0192,8.7063,12.47,7.6515,0.1186,0.0,0.0,0.0,7.5329,2.2907,0.0724,13.5877,0.015973905840277185,0,0,,,21,0,,0,280,0,0,213,9.775,207,6,34.5,3.8247,1.197475323,1.1780955680999998,1.4491291088999998,0.7795,31.309,30.8023,37.8887,472,7,0,0.0,2.2488,0.9795,0.5908,479.0,18181547750.5392,145175583.8439,29587607.8736,371032628938.4575,1.9986,74.9359,193,0,0.0,0,0.0,0,0.0,0,0.0,1984.0,225.69079578798585,0.0,100.0,98.8115,0.594228,0.594228,Travis,delta-wye
44,p5uhs28_1247--p5udt12928,p5udt12928-p5uhs28_1247x,p5uhs28_1247,25.3556,13.1764,7.9187,0.0,0.0,12.1792,3.3557,24.6628,0.0206,2.84,12.47,20.3589,1.9432,0.0,0.0,0.0,18.4158,2.5814,0.0768,5.6468,0.01651170820328839,0,3,,1.89,66,0,,0,874,0,0,593,36.825,492,101,4.8713,15.9589,5.2974451427,5.384548818899999,5.2769060384,3.2519,33.1943,33.7401,33.0656,1097,135,1,1.3876,2.0758,0.9797,0.3368,1233.0,32965802333.5098,426680265.5569,86944870.8623,984562587941.1927,1.9995,94.2711,245,0,0.0,0,0.0,0,0.0,0,0.0,1981.0,969.4840373806596,0.0,100.0,97.0459,2.61726,0.336875,Travis,delta-wye
45,p5uhs24_1247--p5udt29597,p5udt29597-p5uhs24_1247x,p5uhs24_1247,23.0809,5.9073,5.1337,0.0,0.0,17.1736,15.3985,48.744,0.0253,3.2677,12.47,19.0416,0.0128,0.0,0.0,0.0,19.0288,16.4794,0.1185,39.1226,0.020878999284873585,0,2,,1.976,55,0,,0,129,0,0,539,19.625,536,3,178.6667,7.4687,2.4480083303,2.5309333063999997,2.4897583633,1.5209,32.7769,33.8872,33.3359,909,3,0,0.0,1.692,0.9797,0.6576,912.0,25176344422.1529,206178608.0326,41985443.7827,541760700970.12,1.9992,47.5333,121,0,0.0,0,0.0,0,0.0,0,0.0,1992.0,662.279510180417,0.0,100.0,99.5646,0.133958,0.30140700000000004,Travis,delta-wye
46,p5uhs13_1247--p5udt27754,p5udt27754-p5uhs13_1247x,p5uhs13_1247,26.7892,10.5899,6.166,0.0,0.0,16.1992,8.1022,26.9105,0.019,4.5507,12.47,26.2316,0.968,0.0,0.0,0.0,25.2635,7.8901,0.0858,14.8811,0.018603947811579227,0,2,,2.6441,71,0,,0,873,0,0,704,32.125,667,37,18.027,13.775,4.58517405,4.5910972999999995,4.598742425,2.8292,33.2862,33.3292,33.3847,1362,47,1,1.3959,2.0,0.9795,0.4765,1410.0,40944568440.1211,400008170.8319,82157157.5753,932868270311.2607,1.9995,127.2829,342,0,0.0,0,0.0,0,0.0,0,0.0,1969.0,479.36108136226716,0.0,100.0,97.5037,1.87959,0.61674,Travis,delta-wye
47,p5uhs28_1247--p5udt31165,p5udt31165-p5uhs28_1247x,p5uhs28_1247,12.2866,3.9319,2.5433,0.0,0.0,8.3547,2.3694,18.0693,0.0139,2.4148,12.47,14.9013,0.1933,0.0,0.0,0.0,14.708,3.6489999999999996,0.0801,13.4214,0.016818599196412497,0,0,,,27,0,,0,494,1,0,383,18.725,374,9,41.5556,7.3359,2.5155534689999994,2.4179566554,2.4023898755999995,1.4896,34.291,32.9606,32.7484,874,12,0,0.0,2.3133,0.98,0.57,886.0,33480795917.3204,277215782.9114,56289115.7615,707593570600.2528,1.9992,71.6215,189,0,0.0,0,0.0,0,0.0,0,0.0,1972.0,281.8650123618052,0.0,100.0,99.3587,0.641319,0.0,Travis,delta-wye
48,p5uhs10_1247--p5udt14571,p5udt14571-p5uhs10_1247x,p5uhs10_1247,17.5314,8.2118,4.0871,0.0,0.0,9.3196,1.8961,17.2154,0.0149,2.3785,12.47,17.2236,0.6272,0.0,0.0,0.0,16.5963,1.8843,0.0743,5.4216,0.014633448104928613,0,2,,1.4805,48,0,,0,763,1,0,508,29.725,455,53,8.5849,11.6335,3.8914639175,3.945245588,3.7967904945,2.3792,33.4505,33.9128,32.6367,1111,66,0,0.0,2.3169,0.9799,0.4887,1177.0,51629532817.2818,510308869.8057,104364843.6516,1303897929476.3782,1.9994,86.9487,217,0,0.0,0,0.0,0,0.0,0,0.0,1978.0,264.4687650334554,0.0,100.0,97.5117,2.36392,0.124417,Travis,delta-wye
49,p5uhs17_1247--p5udt28507,p5udt28507-p5uhs17_1247x,p5uhs17_1247,18.7923,10.4984,7.9258,0.0,0.0,8.2939,2.6657,28.4728,0.015,2.1749,12.47,18.4063,1.4521,0.0,0.0,0.0,16.9542,3.7604,0.0735,10.109,0.01473685976022791,0,4,,1.4541,44,0,,0,551,0,0,457,33.975,376,81,4.6419999999999995,17.3645,5.987314329000001,5.538824022999999,5.838379012500001,3.6217,34.4802,31.8974,33.6225,1140,106,3,3.6778,2.7271,0.9791,0.2914,1249.0,56588844737.5247,786739097.4310001,164087320.045,1539316252968.295,1.9994,87.4798,217,0,0.0,0,0.0,0,0.0,0,0.0,1968.0,338.4912115039759,0.0,100.0,94.5531,4.0852,1.36173,Travis,delta-wye
50,p5uhs17_1247--p5udt8754,p5udt8754-p5uhs17_1247x,p5uhs17_1247,12.3764,9.8806,8.2469,0.0,0.0,2.4958,0.7062,46.222,0.0256,2.603,12.47,6.9932,1.2014,0.0,0.0,0.0,5.7918,1.0382,0.1036,5.3601,0.014448820281759181,0,1,,2.3287,30,0,,0,251,4,1,236,23.575,160,76,2.1053,8.3011,2.7256495827999996,2.7366485402999996,2.8388018768999994,1.8267,32.8348,32.9673,34.1979,401,83,0,0.0,2.1135,0.9771,0.2383,484.0,19995717455.6941,342948564.899,75465375.8319,973964956648.7356,2.0,55.3081,156,0,0.0,0,0.0,0,0.0,0,0.0,1974.0,378.6655730964756,0.0,100.0,91.4607,5.0187300000000015,3.5206,Travis,delta-wye
51,p5uhs14_1247--p5udt12053,p5udt12053-p5uhs14_1247x,p5uhs14_1247,19.994,10.0584,5.7192,0.0,0.0,9.9356,1.5407,18.3068,0.0156,2.3215,12.47,19.6628,1.2409,0.0,0.0,0.0,18.4219,1.8696,0.0817,4.7145,0.015361562037291247,0,2,,1.7097,52,0,,0,844,2,0,554,35.9,480,74,6.4865,15.0101,4.9908882702,4.9531228586000005,5.0661038813,3.0622,33.2502,32.9986,33.7513,1192,87,1,1.1134,2.3063,0.9798,0.37799999999999995,1280.0,42369297658.2294,496850757.2054,101362737.1235,1188326395258.1494,1.9995,90.281,246,0,0.0,0,0.0,0,0.0,0,0.0,1965.0,440.74484402839005,0.0,100.0,96.4986,3.21234,0.28911,Travis,delta-wye
52,p5uhs14_1247--p5udt30754,p5udt30754-p5uhs14_1247x,p5uhs14_1247,10.6955,6.9307,4.263,0.0,0.0,3.7649,1.8137,29.8494,0.0157,2.3867,12.47,9.6623,0.8084,0.0,0.0,0.0,8.8539,2.6831,0.0693,13.18,0.014146826183715863,0,1,,1.83,37,0,,0,345,2,0,311,19.0,243,68,3.5735,8.4008,2.7677611712,2.895377724,2.7376611048000004,1.7076,32.9464,34.4655,32.5881,601,81,1,1.0867,2.1891,0.9798,0.3619,683.0,28888975094.6801,355328589.2223,72225972.5105,803646452121.4089,1.999,64.6047,182,0,0.0,0,0.0,0,0.0,0,0.0,1970.0,2801.8726003500856,0.0,100.0,98.0245,1.81746,0.15804,Travis,delta-wye
53,p5uhs18_1247--p5udt9682,p5udt9682-p5uhs18_1247x,p5uhs18_1247,17.5964,8.0501,3.4637,0.0,0.0,9.5463,2.8273,15.4635,0.0125,1.6329,12.47,23.0864,1.0579,0.0,0.0,0.0,22.0285,3.8244,0.0719,9.4006,0.016419892145070523,0,1,,0.9940000000000001,65,0,,0,789,1,0,570,30.8,502,68,7.3824,12.0449,4.0052785521,4.0341381325,4.0054833154,2.5358,33.2529,33.4925,33.2546,1327,79,0,0.0,2.4667,0.9786,0.4793,1406.0,63422437379.7243,543326375.7353,114384734.0471,1389339311020.9802,1.9995,109.9536,255,0,0.0,0,0.0,0,0.0,0,0.0,1964.0,521.8128088810386,0.0,100.0,92.6205,4.85693,2.52259,Travis,delta-wye
54,p5uhs24_1247--p5udt18206,p5udt18206-p5uhs24_1247x,p5uhs24_1247,25.8682,9.8449,6.3696,0.0,0.0,16.0233,13.5755,46.4007,0.0273,3.4228,12.47,17.1163,0.2796,0.0,0.0,0.0,16.8366,11.8175,0.0976,27.4924,0.018074198855254936,0,2,,1.7673,60,0,,0,346,0,0,597,24.5,560,37,15.1351,9.8427,3.2564179242000004,3.3255432063000008,3.2607388695000004,2.0645,33.0846,33.7869,33.1285,908,38,1,0.8802,1.5836,0.9782,0.4694,947.0,20551981739.5777,213608383.1552,44803325.6906,531703857042.9251,1.9993,84.8592,222,0,0.0,0,0.0,0,0.0,0,0.0,1992.0,1359.5658766367999,0.0,100.0,97.0829,0.924938,1.99217,Travis,delta-wye
55,p5uhs24_1247--p5udt16214,p5udt16214-p5uhs24_1247x,p5uhs24_1247,10.1848,5.9469,5.5208,0.0,0.0,4.2379,3.4134,54.1789,0.033,3.7829,12.47,6.3054,0.4788,0.0,0.0,0.0,5.8266,4.6221,0.0742,28.0294,0.0204057441889702,0,1,,3.1922,17,0,,0,65,1,0,178,10.9,157,21,7.4762,4.3542,1.555015446,1.3622158241999998,1.4369643756000001,0.8911,35.713,31.2851,33.0018,277,32,0,0.0,1.736,0.9789,0.315,309.0,10590269759.0247,149230367.478,30539170.7848,373572622567.5383,1.9977,30.406,81,0,0.0,0,0.0,0,0.0,0,0.0,1995.0,1166.1712468747758,0.0,100.0,96.6957,2.34783,0.956522,Travis,delta-wye
56,p5uhs12_1247--p5udt26455,p5udt26455-p5uhs12_1247x,p5uhs12_1247,12.8371,3.9601,2.8477,0.0,0.0,8.8771,6.8823,41.2743,0.0233,3.1084,12.47,10.7369,0.3267,0.0,0.0,0.0,10.4102,7.0054,0.0829,29.7166,0.019486125374680884,0,1,,2.6507,33,0,,0,197,0,0,318,13.325,307,11,27.9091,5.0762,1.694816275,1.6940649974000002,1.6873187276,1.0342,33.3875,33.3727,33.2398,531,20,0,0.0,1.7327,0.9795,0.5614,551.0,19508432307.906002,179723971.8839,36615933.2213,471778331221.1412,1.9988,44.6937,144,0,0.0,0,0.0,0,0.0,0,0.0,1991.0,583.3007227393534,0.0,100.0,97.5522,1.85075,0.597015,Travis,delta-wye
57,p5uhs12_1247--p5udt10697,p5udt10697-p5uhs12_1247x,p5uhs12_1247,32.1767,10.4361,8.1158,0.0,0.0,21.7406,16.7195,42.0521,0.0252,2.9385,12.47,26.8819,0.5676,0.0,0.0,0.0,26.3143,17.090999999999998,0.0847,28.9391,0.02105081620210801,0,2,,1.8468,66,0,,0,481,1,0,839,30.65,806,33,24.4242,11.2295,3.7022426255000003,3.840107197,3.6871501775,2.3328,32.9689,34.1966,32.8345,1237,40,0,0.0,1.5221,0.9795,0.5376,1277.0,29920227126.6082,263108002.3197,54658086.7104,718132311222.0259,1.9995,90.8912,239,0,0.0,0,0.0,0,0.0,0,0.0,1982.0,540.2872031196233,0.0,100.0,97.47,1.92916,0.6008859999999999,Travis,delta-wye
58,p5uhs20_1247--p5udt30630,p5udt30630-p5uhs20_1247x,p5uhs20_1247,20.3558,9.5685,6.9015,0.0,0.0,10.7873,5.5771,34.3748,0.0216,2.1912,12.47,15.9459,0.5152,0.0,0.0,0.0,15.4307,6.7076,0.0891,18.4774,0.016891812540840243,0,2,,1.3871,59,0,,0,467,0,0,478,23.025,425,53,8.0189,9.8951,3.3708647660000004,3.3042311626,3.2200040714,2.2901,34.066,33.3926,32.5414,888,55,1,1.1166,1.9708,0.9765,0.4391,944.0,32216304154.3138,337693257.3201,78155896.4568,785784325374.0166,1.9993,56.535,162,0,0.0,0,0.0,0,0.0,0,0.0,1969.0,1693.8787433683347,0.0,100.0,91.737,3.33185,4.93114,Travis,delta-wye
59,p5uhs18_1247--p5udt29300,p5udt29300-p5uhs18_1247x,p5uhs18_1247,17.4964,8.9188,5.0075,0.0,0.0,8.5776,2.6323,18.0274,0.0111,1.6345,12.47,24.8822,1.1346,0.0,0.0,0.0,23.7476,6.7405,0.0745,15.9053,0.015748213007770916,0,2,,1.2585,60,0,,0,678,2,0,553,32.85,479,74,6.473,14.5136,4.8327095008,4.8677453312,4.813145168,3.0114,33.2978,33.5392,33.163000000000004,1494,85,1,1.3443,2.852,0.9794,0.4338,1580.0,58258039350.0615,535148794.4138,111037341.9626,1211251008006.0212,1.9995,86.6335,221,0,0.0,0,0.0,0,0.0,0,0.0,1963.0,512.3127051969358,0.0,100.0,95.1097,3.9185,0.971787,Travis,delta-wye
60,p5uhs20_1247--p5udt22271,p5udt22271-p5uhs20_1247x,p5uhs20_1247,8.6577,4.5167,3.2084,0.0,0.0,4.141,1.3515,28.9447,0.0201,2.0837,12.47,7.0959,0.5123,0.0,0.0,0.0,6.5836,1.8984,0.0618,12.0503,0.016463764545755908,0,1,,1.7194,22,0,,0,215,0,0,173,10.625,146,27,5.4074,4.1219,1.3717271010000005,1.3682069984000005,1.3819659006,0.968,33.279,33.1936,33.5274,401,30,0,0.0,2.4913,0.9765,0.3916,431.0,22386936310.3152,214100704.2376,50279927.6223,551882130619.7186,1.9984,42.423,104,0,0.0,0,0.0,0,0.0,0,0.0,1971.0,2369.091741065488,0.0,100.0,92.4009,2.09251,5.50661,Travis,delta-wye
61,p5uhs18_1247--p5udt13853,p5udt13853-p5uhs18_1247x,p5uhs18_1247,16.2497,10.2321,5.7774,0.0,0.0,6.0176,2.0669999999999997,23.8453,0.0143,1.8826,12.47,16.6472,1.5746,0.0,0.0,0.0,15.0725,3.0627,0.0944,9.31,0.01460278134221229,0,2,,1.3391,48,0,,0,507,0,0,425,32.075,328,97,3.3814,12.7379,4.2545350273999984,4.144823494700001,4.33852874,2.6335,33.4006,32.5393,34.06,1017,123,0,0.0,2.6824,0.9793,0.32899999999999996,1140.0,57931880341.7706,647308811.9968,133829653.8582,1629969352598.4976,1.9994,81.2094,200,0,0.0,0,0.0,0,0.0,0,0.0,1957.0,1509.6575493107364,0.0,100.0,86.7049,11.7479,1.54728,Travis,delta-wye
62,p5uhs11_1247--p5udt31727,p5udt31727-p5uhs11_1247x,p5uhs11_1247,9.3928,5.3241,4.4928,0.0,0.0,4.0687,2.9583,45.333999999999996,0.0254,2.73,12.47,7.0431,0.2674,0.0,0.0,0.0,6.7757,4.7,0.0956,28.5959,0.01903528557634724,0,2,,1.9606,24,0,,0,141,1,0,246,13.975,217,29,7.4828,5.7589,1.8813520054,1.9685590281,1.9089889665000002,1.1768,32.6686,34.1829,33.1485,338,31,1,0.7888,1.4980000000000002,0.9795,0.2808,370.0,14181894366.0185,220736497.9627,45106024.3019,535653983148.945,1.9982,44.2792,105,0,0.0,0,0.0,0,0.0,0,0.0,1983.0,635.2856523700975,0.0,100.0,94.4039,4.86618,0.729927,Travis,delta-wye
63,p5uhs12_1247--p5udt23739,p5udt23739-p5uhs12_1247x,p5uhs12_1247,13.0695,8.3226,6.9878,0.0,0.0,4.7469,3.943,50.0922,0.0315,2.8024,12.47,8.752,0.9333,0.0,0.0,0.0,7.8187,5.0005,0.0754,22.9156,0.021089205848738104,0,2,,1.9179,27,0,,0,173,1,0,281,17.675,229,52,4.4038,7.7519,2.4653212532,2.4816855141,2.8049009845999997,1.7519999999999998,31.8028,32.0139,36.1834,350,64,1,1.0772,1.4716,0.9781,0.2319,415.0,12580128508.8539,234987881.113,53110256.8678,535792220226.4904,1.9985,58.3099,167,0,0.0,0,0.0,0,0.0,0,0.0,1986.0,856.7960421056531,0.0,100.0,88.2229,9.04311,2.73396,Travis,delta-wye
64,p5uhs25_1247--p5udt31077,p5udt31077-p5uhs25_1247x,p5uhs25_1247,16.1543,6.4255,5.6853,0.0,0.0,9.7288,4.7106,35.061,0.0219,2.556,12.47,13.4967,0.3122,0.0,0.0,0.0,13.1845,5.2144,0.0743,17.586,0.018263460126029512,0,3,,1.8484,40,0,,0,411,0,0,445,18.375,422,23,18.3478,7.6612,2.6045321968,2.5250625691999997,2.5315975728000004,1.5571,33.9964,32.9591,33.0444,713,25,1,0.8734,1.6569999999999998,0.9799,0.4394,739.0,32149838298.1168,333297516.1574,67742704.3102,799395505721.1047,1.9991,65.9381,186,0,0.0,0,0.0,0,0.0,0,0.0,1978.0,774.2311868862841,0.0,100.0,98.1132,1.71527,0.171527,Travis,delta-wye
65,p5uhs25_1247--p5udt33477,p5udt33477-p5uhs25_1247x,p5uhs25_1247,9.8125,5.5426,3.0794,0.0,0.0,4.2699,1.1246,24.2829,0.0214,2.3005,12.47,7.5001,0.3994,0.0,0.0,0.0,7.1006,0.6,0.0792,3.4657,0.01637567178878551,0,3,,1.6547,29,0,,0,344,1,0,221,14.175,191,30,6.3667,6.7354,2.444680784,2.1173268732,2.1733923428,1.3715,36.296,31.4358,32.2682,424,33,1,1.254,2.0631,0.9797,0.3011,458.0,21343141623.6747,313875749.7539,63910824.8864,660565573178.1436,1.9986,62.9514,154,0,0.0,0,0.0,0,0.0,0,0.0,1990.0,390.3783189494243,0.0,100.0,95.5535,4.06812,0.37843,Travis,delta-wye
66,p5uhs17_1247--p5udt20156,p5udt20156-p5uhs17_1247x,p5uhs17_1247,20.4032,8.972000000000001,4.3857,0.0,0.0,11.4312,2.9424,14.0589,0.0098,1.5805,12.47,31.7214,0.7446,0.0,0.0,0.0,30.9768,6.8072,0.1043,13.0595,0.015294802121923396,0,2,,0.9183,66,0,,0,886,0,0,638,36.35,586,52,11.2692,14.8257,4.8800867148,5.0287736601,4.9168247994000005,3.0571,32.9164,33.9193,33.1642,2014,60,0,0.0,3.2508,0.9795,0.5535,2074.0,80806904671.3629,577637999.2439,119109850.9453,1416263734235.3098,1.9996,89.6266,217,0,0.0,0,0.0,0,0.0,0,0.0,1960.0,366.0084364297863,0.0,100.0,95.7472,3.3077400000000003,0.945068,Travis,delta-wye
67,p5uhs21_1247--p5udt26112,p5udt26112-p5uhs21_1247x,p5uhs21_1247,11.4298,6.3344,3.7533,0.0,0.0,5.0954,2.4326,24.6968,0.0123,1.8685,12.47,13.6177,0.7318,0.0,0.0,0.0,12.8859,3.7923,0.0768,15.1403,0.014611251567572304,0,1,,1.4711,47,0,,0,351,0,0,344,19.875,289,55,5.2545,8.9509,2.910206117,2.9028305754000003,3.1378633076,1.8776,32.513000000000005,32.4306,35.0564,869,62,1,0.9597,2.7014,0.9787,0.4383,932.0,48084275114.8975,461798867.1931,96867775.83600001,1025402326082.1757,1.9992,66.4931,174,0,0.0,0,0.0,0,0.0,0,0.0,1968.0,458.58343561133216,0.0,100.0,95.4097,2.61599,1.97433,Travis,delta-wye
68,p5uhs21_1247--p5udt24017,p5udt24017-p5uhs21_1247x,p5uhs21_1247,13.872,8.3674,6.441,0.0,0.0,5.5045,2.0615,29.362,0.0145,2.7576,12.47,15.0854,1.3356,0.0,0.0,0.0,13.7498,4.6289,0.0755,15.9854,0.015812767919822328,0,2,,1.6115,43,0,,0,379,1,0,403,25.575,323,80,4.0375,10.145,3.3326426449999995,3.504011985,3.30834537,2.1223,32.8501,34.5393,32.6106,853,101,0,0.0,2.3672,0.9786,0.3933,954.0,33076821831.862003,351743573.2539,73582668.8177,886729264517.6821,1.9992,72.6184,209,0,0.0,0,0.0,0,0.0,0,0.0,1973.0,677.8452803799023,0.0,100.0,94.9337,3.29715,1.7692,Travis,delta-wye
69,p5uhs21_1247--p5udt30121,p5udt30121-p5uhs21_1247x,p5uhs21_1247,18.3611,13.4847,9.9785,0.0,0.0,4.8764,1.7861,33.2619,0.0174,2.6135,12.47,17.0086,1.9891,0.0,0.0,0.0,15.0195,3.9948,0.0836,11.2943,0.016091406978853702,0,2,,1.8838,61,0,,0,582,1,0,504,33.2,376,128,2.9375,14.3222,4.8502559966000005,4.7582931504,4.7136365308,3.3204,33.8653,33.2232,32.9114,906,150,1,1.24,2.0931,0.9762,0.3238,1057.0,31558827727.8931,427616728.5285,99138352.82,991251731850.5636,1.9994,81.0246,246,0,0.0,0,0.0,0,0.0,0,0.0,1972.0,1164.1082347461274,0.0,100.0,93.6457,2.40117,3.95315,Travis,delta-wye
70,p5uhs21_1247--p5udt27230,p5udt27230-p5uhs21_1247x,p5uhs21_1247,10.558,7.9605,6.0426,0.0,0.0,2.5975,0.9434,35.0458,0.0186,2.2484,12.47,9.376,1.3574,0.0,0.0,0.0,8.0186,2.1589,0.0722,10.8303,0.016507029495461012,0,1,,1.5589,32,0,,0,215,1,0,265,17.225,167,98,1.7041,8.172,2.728418328,2.7250678080000004,2.7185138639999997,1.7162,33.3874,33.3464,33.2662,446,121,1,1.4234,2.1353,0.9764,0.237,568.0,23508038734.8116,338219299.2292,71027375.3633,712897829590.0182,1.9987,45.5252,118,0,0.0,0,0.0,0,0.0,0,0.0,1977.0,1462.5578253365998,0.0,100.0,94.9209,1.77288,3.3061800000000003,Travis,delta-wye
71,p5uhs17_1247--p5udt16311,p5udt16311-p5uhs17_1247x,p5uhs17_1247,6.9351,4.8958,4.1918,0.0,0.0,2.0393,0.6362,38.4966,0.0183,1.4842,12.47,5.6063,0.9231,0.0,0.0,0.0,4.6832,1.4613,0.0662,11.6518,0.014831393604276709,0,0,,,14,0,,0,147,0,0,179,14.325,115,64,1.7969,5.6244,1.9645691736,1.8320976804,1.8277387703999999,1.1824,34.9294,32.5741,32.4966,306,72,0,0.0,2.1117,0.9778,0.2486,378.0,22826456245.1518,339642234.3183,71400929.0887,865050226750.7933,1.9981,37.01,109,0,0.0,0,0.0,0,0.0,0,0.0,1975.0,2493.0274552741394,0.0,100.0,91.5225,6.05536,2.42215,Travis,delta-wye
72,p5uhs29_1247--p5udt31103,p5udt31103-p5uhs29_1247x,p5uhs29_1247,16.4412,9.4037,4.4932,0.0,0.0,7.0375,1.1729,15.5111,0.0122,1.5712,12.47,20.088,1.247,0.0,0.0,0.0,18.840999999999998,2.0186,0.0942,5.5259,0.014935301389302815,0,3,,0.9097,48,0,,0,685,0,0,460,30.8,387,73,5.3014,12.3948,4.0976713008,4.1218535556,4.1752751436,2.7231,33.0596,33.2547,33.6857,1253,92,0,0.0,2.9239,0.9786,0.4125,1345.0,56677092821.6394,522303701.7741,114749428.7843,1297884356064.3037,1.9994,70.6586,182,0,0.0,0,0.0,0,0.0,0,0.0,1963.0,389.4938404745075,0.0,100.0,93.961,3.75094,2.2880700000000003,Travis,delta-wye
73,p5uhs8_1247--p5udt31669,p5udt31669-p5uhs8_1247x,p5uhs8_1247,14.8754,10.2868,5.7699,0.0,0.0,4.5886,1.8626,24.0564,0.0134,1.5407,12.47,16.8521,1.3837,0.0,0.0,0.0,15.4683,3.4645,0.071,10.9196,0.01519574928891363,0,2,,1.055,43,0,,0,501,1,0,418,29.9,346,72,4.8056,14.3538,4.7075296632,4.8207667914,4.825503545399999,3.0239999999999996,32.7964,33.5853,33.6183,1016,91,2,2.4287,2.6468,0.9790000000000001,0.3048,1109.0,47366575398.7533,613064783.0586,129158502.4978,1277060959804.075,1.9993,82.2849,203,0,0.0,0,0.0,0,0.0,0,0.0,1969.0,355.29524336268537,0.0,100.0,95.2288,3.36332,1.4079,Travis,delta-wye
74,p5uhs8_1247--p5udt8308,p5udt8308-p5uhs8_1247x,p5uhs8_1247,11.0299,7.3646,5.5473,0.0,0.0,3.6653,0.3332,29.6413,0.0195,2.1346,12.47,8.8089,1.0804,0.0,0.0,0.0,7.7286,0.8824,0.0916,4.4479,0.015591038153660485,0,1,,1.3552,33,0,,0,316,0,0,266,21.2,201,65,3.0923,8.4557,2.9884726839,2.7336855315000004,2.7335417846000003,1.7355,35.3427,32.3295,32.3278,488,77,0,0.0,2.1241,0.9792,0.2705,565.0,27064829260.5037,405048986.2626,83132455.8912,1015529876677.3048,1.9988,64.6866,173,0,0.0,0,0.0,0,0.0,0,0.0,1974.0,856.6580929088021,0.0,100.0,95.8845,3.1941,0.921376,Travis,delta-wye
75,p5uhs23_1247--p5udt23560,p5udt23560-p5uhs23_1247x,p5uhs23_1247,15.3424,10.4715,8.7489,0.0,0.0,4.8709,3.5789,46.4264,0.0208,2.4786,12.47,11.210999999999999,1.5454,0.0,0.0,0.0,9.6656,6.2679,0.084,23.6051,0.015191010690103215,0,3,,1.9001,49,0,,0,195,0,0,326,28.95,235,91,2.5824,11.5773,3.8664361491,3.8589687906,3.8518950603,2.9087,33.3967,33.3322,33.2711,629,108,1,0.7956,2.2569,0.9757,0.2473,738.0,21378036604.4358,335367048.0233,84257187.3795,838609972491.0793,1.999,49.9331,139,0,0.0,0,0.0,0,0.0,0,0.0,1987.0,978.1661839459276,0.0,100.0,93.5242,1.80617,4.6696,Travis,delta-wye
76,p5uhs23_1247--p5udt18043,p5udt18043-p5uhs23_1247x,p5uhs23_1247,11.7795,10.4814,8.9555,0.0,0.0,1.2981,0.846,64.4773,0.0577,1.9501,12.47,3.4219999999999997,1.8995,0.0,0.0,0.0,1.5225,0.4183,0.0888,2.7516,0.01677452475402148,0,2,,1.4172,11,0,,0,96,2,0,149,31.95,50,99,0.5051,14.6768,4.852590384000001,4.909521691199999,4.9146879248,3.7857,33.063,33.4509,33.4861,89,112,3,3.2861,1.36,0.9687,0.0349,204.0,8482992850.6033,610310182.066,157420223.4661,1328586380278.316,1.9969999999999999,30.8721,90,0,0.0,0,0.0,0,0.0,0,0.0,1977.0,440.1183241279329,0.0,100.0,69.7727,12.7273,17.5,Travis,delta-wye
77,p5uhs29_1247--p5udt20500,p5udt20500-p5uhs29_1247x,p5uhs29_1247,11.7193,8.4187,6.5324,0.0,0.0,3.3006,1.3086,37.144,0.0185,1.5204,12.47,9.3905,0.9775,0.0,0.0,0.0,8.4129,1.7994,0.0756,8.5239,0.014858360781174666,0,0,,,32,0,,0,275,1,0,250,22.375,181,69,2.6232,9.64,3.2255729199999994,3.2106309200000003,3.20379616,2.1005,33.4603,33.3053,33.2344,554,77,1,1.1532,2.5179,0.977,0.2268,632.0,26279377909.2744,400842593.8426,87341029.0333,930381456835.4646,1.9988,47.8197,125,0,0.0,0,0.0,0,0.0,0,0.0,1967.0,494.09492186818426,0.0,100.0,87.4046,6.48855,6.10687,Travis,delta-wye
78,p5uhs19_1247--p5udt30268,p5udt30268-p5uhs19_1247x,p5uhs19_1247,20.1528,11.2545,6.8659,0.0,0.0,8.8983,4.5521,27.2399,0.0134,1.9441,12.47,21.7637,1.1485,0.0,0.0,0.0,20.6151,6.5073,0.113,15.5245,0.01448978421413321,0,1,,1.3836,76,0,,0,534,4,0,509,33.125,423,86,4.9186,13.2687,4.4202816432,4.4287603425,4.4196580143,2.8328,33.3136,33.3775,33.3089,1404,98,0,0.0,2.9509,0.9791,0.4199,1502.0,47363445139.7658,418409114.9519,89328513.8155,1044550013485.1791,1.9995,79.2782,205,0,0.0,0,0.0,0,0.0,0,0.0,1964.0,523.8666755896762,0.0,100.0,96.5116,2.08706,1.40131,Travis,delta-wye
79,p5uhs8_1247--p5udt24709,p5udt24709-p5uhs8_1247x,p5uhs8_1247,16.9304,12.254000000000001,10.2533,0.0,0.0,4.6765,0.8962,37.4547,0.0198,1.8462,12.47,12.8374,1.6408,0.0,0.0,0.0,11.1966,1.8662,0.0784,6.2692,0.015032058379448238,0,2,,1.1956,40,0,,0,366,1,0,355,37.6,245,110,2.2273,17.3016,5.735878336799999,5.793267744000001,5.772453919200001,3.6578,33.1523,33.484,33.3637,714,137,3,2.6783,2.3989,0.9794,0.1842,854.0,38005826341.1849,769980159.041,162782184.6548,1673324438440.9236,1.9991,57.4404,160,0,0.0,0,0.0,0,0.0,0,0.0,1979.0,900.2737414783194,0.0,100.0,95.0487,4.27423,0.6771050000000001,Travis,delta-wye
80,p5uhs19_1247--p5udt22111,p5udt22111-p5uhs19_1247x,p5uhs19_1247,7.7856,5.0465,2.9982,0.0,0.0,2.7391,1.2987,30.4769,0.0163,1.964,12.47,6.3132,0.3364,0.0,0.0,0.0,5.9769,1.1858,0.0747,8.4107,0.013235224914256941,0,2,,1.8599,23,0,,0,206,2,0,186,13.65,152,34,4.4706,7.9418,2.7037778682,2.6325160967999994,2.6055060349999994,1.615,34.0449,33.1476,32.8075,437,38,2,2.7834,2.5508,0.9798,0.2241,477.0,26380257480.4974,439217992.2301,89314348.7936,754906739221.782,1.9985,50.4204,126,0,0.0,0,0.0,0,0.0,0,0.0,1955.0,1309.7927899422698,0.0,100.0,97.1963,2.57009,0.233645,Travis,delta-wye
81,p5uhs19_1247--p5udt8885,p5udt8885-p5uhs19_1247x,p5uhs19_1247,18.989,11.937000000000001,7.976,0.0,0.0,7.0520000000000005,3.0428,31.5748,0.0173,2.1501,12.47,15.9083,1.4488,0.0,0.0,0.0,14.4594,3.2954,0.0705,9.443,0.014488421107403131,0,2,,1.2806,59,0,,0,483,1,0,424,32.05,330,94,3.5106,14.9356,4.9787374532,5.0298172052,4.9270453416,3.1295,33.3347,33.6767,32.9886,981,115,2,2.4606,2.5835,0.9789,0.2649,1098.0,46180140746.1375,628165657.7306,131621080.5587,1347972232161.8406,1.9993,70.7405,190,0,0.0,0,0.0,0,0.0,0,0.0,1966.0,336.6709797429255,0.0,100.0,93.1304,5.22419,1.6454099999999998,Travis,delta-wye
82,p5uhs22_1247--p5udt12343,p5udt12343-p5uhs22_1247x,p5uhs22_1247,10.3874,3.8664,1.7378,0.0,0.0,6.521,1.1107,11.2334,0.0105,1.8819,12.47,14.9699,0.2589,0.0,0.0,0.0,14.710999999999999,2.5417,0.0799,10.0237,0.015075389462833868,0,1,,1.4873,40,0,,0,480,0,0,319,18.575,299,20,14.95,7.4322,2.4693558822,2.502607545,2.4602365728,1.5179,33.2251,33.6725,33.1024,971,22,0,0.0,3.1129,0.9797,0.5598,993.0,44987652246.3742,336715746.5174,68767364.0483,841536395243.1022,1.9992,75.5613,194,0,0.0,0,0.0,0,0.0,0,0.0,1960.0,191.52687057355945,0.0,100.0,97.2467,2.14758,0.605727,Travis,delta-wye
83,p5uhs22_1247--p5udt18713,p5udt18713-p5uhs22_1247x,p5uhs22_1247,17.6528,12.3767,10.2647,0.0,0.0,5.2761,2.4697,41.1164,0.0189,1.8447,12.47,13.3189,1.6459,0.0,0.0,0.0,11.673,4.197,0.0761,13.550999999999998,0.014290682741791816,0,3,,1.1802,55,0,,0,370,3,0,435,32.7,316,119,2.6555,13.8227,4.588611137399999,4.558906155099999,4.6751827074999985,2.9343,33.1962,32.9813,33.8225,789,142,1,1.1781,2.1376,0.9788,0.3001,932.0,37656001270.7562,558482722.1017,118555359.4142,1321192319263.6555,1.9992,64.5419,187,0,0.0,0,0.0,0,0.0,0,0.0,1970.0,1140.9122976138276,0.0,100.0,95.6296,3.20905,1.16137,Travis,delta-wye
84,p5uhs30_1247--p5udt30417,p5udt30417-p5uhs30_1247x,p5uhs30_1247,23.6555,11.4593,6.2065,0.0,0.0,12.1962,4.9405,21.4021,0.0136,1.9669,12.47,28.4281,1.2291,0.0,0.0,0.0,27.1991,7.5814,0.075,14.5562,0.016375641797643926,0,3,,0.9449,85,0,,0,806,0,0,634,38.05,582,52,11.1923,15.1397,5.086303332599999,5.0105594135,5.0428372539,3.1095,33.5958,33.0955,33.3087,1674,62,0,0.0,2.7382,0.9797,0.4896,1736.0,53275756972.1495,464619855.7669,95425835.0974,1167708843773.2036,1.9996,84.9027,220,0,0.0,0,0.0,0,0.0,0,0.0,1966.0,475.29094978913,0.0,100.0,96.6319,2.8614,0.506706,Travis,delta-wye
85,p5uhs22_1247--p5udt12342,p5udt12342-p5uhs22_1247x,p5uhs22_1247,8.6381,3.1503,1.8336,0.0,0.0,5.4878,1.2808,14.9143,0.0107,1.7978,12.47,12.2438,0.1663,0.0,0.0,0.0,12.0775,2.4093,0.0717,11.5378,0.015134464175992388,0,0,,,25,0,,0,361,0,0,277,14.475,263,14,18.7857,6.6948,2.230573464,2.22367782,2.2405420212,1.36,33.318000000000005,33.215,33.4669,794,14,1,0.9184,2.9101,0.9799,0.5063,809.0,42439321397.9971,351204899.6268,71343966.7771,759343853196.5515,1.9991,70.7764,196,0,0.0,0,0.0,0,0.0,0,0.0,1966.0,461.1838649017646,0.0,100.0,98.6986,1.16438,0.136986,Travis,delta-wye
86,p5uhs22_1247--p5udt24944,p5udt24944-p5uhs22_1247x,p5uhs22_1247,16.3831,9.8528,7.6813,0.0,0.0,6.5302,1.7041,33.0899,0.02,2.1202,12.47,11.98,1.3279,0.0,0.0,0.0,10.6522,1.45,0.1085,5.1121,0.014609784207208253,0,2,,1.1743,25,0,,0,427,0,0,357,25.55,260,97,2.6804,9.8009,3.3840645529000004,3.2224085083000005,3.1944269388000004,2.1037,34.5281,32.8787,32.5932,705,115,0,0.0,2.2969,0.9791,0.3368,820.0,30539890317.697002,365023149.2879,78350885.3297,951578289777.0222,1.9992,69.9088,178,0,0.0,0,0.0,0,0.0,0,0.0,1975.0,438.7181395765568,0.0,100.0,95.9442,3.04183,1.01394,Travis,delta-wye
87,p5uhs30_1247--p5udt32093,p5udt32093-p5uhs30_1247x,p5uhs30_1247,8.3467,3.1524,1.2633,0.0,0.0,5.1944,1.1461,11.8414,0.0119,1.8701,12.47,12.0011,0.2814,0.0,0.0,0.0,11.7198,2.6044,0.0744,12.7993,0.0171200410667299,0,0,,,29,0,,0,431,0,0,286,13.8,267,19,14.0526,5.5281,1.6578716619,2.0396698884,1.8305584497,1.1286,29.9899,36.8964,33.1137,681,20,0,0.0,2.451,0.9799,0.5819,701.0,35251629794.1717,277993302.5511,56755531.7354,693969316918.0754,1.999,71.3044,173,0,0.0,0,0.0,0,0.0,0,0.0,1967.0,255.8327212243085,0.0,100.0,98.0858,1.7401400000000002,0.174014,Travis,delta-wye
88,p5uhs9_1247--p5udt22915,p5udt22915-p5uhs9_1247x,p5uhs9_1247,22.3416,17.6011,17.2239,0.0,0.0,4.7405,3.8115,67.3729,0.03,2.3572,12.47,8.8809,2.7861,0.0,0.0,0.0,6.0948,3.9456,0.0869,12.6371,0.011936640638868573,0,2,,1.6809,60,0,,0,93,1,0,515,35.4,251,264,0.9508,15.0129,4.9945215978,5.0290963065,4.989297108600001,3.0671,33.2682,33.4985,33.2334,441,302,1,1.3923,1.4419,0.9795,0.1833,744.0,29514504407.0002,595561228.9124,121672469.6779,1404319161300.8152,1.999,35.8603,97,0,0.0,0,0.0,0,0.0,0,0.0,1987.0,4523.458596612672,0.0,100.0,99.2935,0.509366,0.197174,Travis,delta-wye
89,p5uhs11_1247--p5udt27144,p5udt27144-p5uhs11_1247x,p5uhs11_1247,13.3744,7.1028,6.5605,0.0,0.0,6.2716,5.9635,59.6615,0.0407,5.5835,12.47,7.6173,0.2996,0.0,0.0,0.0,7.3177,6.1949,0.1043,29.5113,0.023153011672816047,0,1,,4.6256,29,0,,0,71,0,0,227,8.535,210,17,12.3529,3.0715,0.992241932,1.0824856735,0.9967723945,0.6299,32.3048,35.2429,32.4523,310,19,0,0.0,1.4493,0.9783,0.5323,329.0,7525689218.6962,70258610.6262,14407623.7759,195233305415.1129,1.9980000000000002,50.4837,143,0,0.0,0,0.0,0,0.0,0,0.0,1992.0,832.5950036037206,0.0,100.0,95.7775,2.26571,1.95675,Travis,delta-wye
90,p5uhs27_1247--p5udt21906,p5udt21906-p5uhs27_1247x,p5uhs27_1247,8.8432,3.903,3.903,0.0,0.0,4.9401,4.9339,69.4582,0.0465,4.6714,12.47,3.8795,0.0,0.0,0.0,0.0,3.8795,3.8795,0.0657,30.4929,0.02041849744995337,0,0,,,10,0,,0,1,0,0,124,3.925,124,0,0.0,1.464,0.390561528,0.622927608,0.450510864,0.2985,26.6777,42.5497,30.7726,190,0,0,0.0,1.5323,0.9794,0.6667,190.0,4930973700.0005,37995604.2203,7747819.286,101863535644.748,1.9959,21.0727,61,0,0.0,0,0.0,0,0.0,0,0.0,2000.0,634.8997781146478,0.0,100.0,99.2958,0.0,0.704225,Travis,delta-wye
91,p5uhs11_1247--p5udt9720,p5udt9720-p5uhs11_1247x,p5uhs11_1247,2.5181,2.2212,2.2193,0.0,0.0,0.2969,0.2956,79.641,0.0719,1.4855,12.47,0.6398,0.2931,0.0,0.0,0.0,0.3467,0.3467,0.0608,10.9792,0.018280005330445995,0,0,,,2,0,,0,3,0,0,23,5.175,6,17,0.3529,3.7503,1.2866191713,1.2313097468999998,1.2323710818,0.7615,34.3071,32.8323,32.8606,12,21,2,1.7391,1.4583,0.98,0.0174,35.0,1654062581.8149,177233637.3987,35988612.4784,244564967454.0636,1.98,9.9267,27,0,0.0,0,0.0,0,0.0,0,0.0,1990.0,4787.078617675305,0.0,100.0,49.0196,50.9804,0.0,Travis,delta-wye
92,p5uhs27_1247--p5udt26583,p5udt26583-p5uhs27_1247x,p5uhs27_1247,4.1382,4.1382,4.1369,0.0,0.0,0.0,0.0,95.7218,0.2178,3.6037,12.47,0.1837,0.1837,0.0,0.0,0.0,0.0,0.0,0.051,0.0,0.009666073111952106,0,0,,,0,0,,0,3,1,0,14,7.75,0,14,0.0,2.766,0.9219990779999999,0.9219990779999999,0.9219990779999999,0.5617,33.3333,33.3333,33.3333,0,19,0,0.0,1.3571,0.98,0.0,19.0,914614064.8278,133148451.7171,27036946.2712,373066263285.0283,1.963,6.0363,13,0,0.0,0,0.0,0,0.0,0,0.0,1990.0,1928.2524500349384,0.0,100.0,0.0,100.0,0.0,Travis,delta-wye
93,p5uhs23_1247--p5udt27071,p5udt27071-p5uhs23_1247x,p5uhs23_1247,0.3357,0.3357,0.3357,0.0,0.0,0.0,0.0,93.5209,0.1119,0.29600000000000004,12.47,0.0233,0.0233,0.0,0.0,0.0,0.0,0.0,0.0117,0.0,0.007752980597383332,0,0,,,0,0,,0,0,0,0,3,0.475,0,3,0.0,0.1454,0.048466618200000006,0.048466618200000006,0.048466618200000006,0.0478,33.3333,33.3333,33.3333,0,3,0,0.0,1.0,0.95,0.0,3.0,1115436680.311,54058300.1873,17768104.0245,176610807715.9134,1.8,2.8,6,0,0.0,0,0.0,0,0.0,0,0.0,1999.0,373.9352247667362,0.0,100.0,0.0,0.0,100.0,Travis,delta-wye
94,subtransmission,st_mat,,0.1305,0.1305,0.1305,0.0,0.0,0.0,0.0,100.0,,5.34,230.0,0.0,0.0,0.0,0.0,0.0,0.0,0.0,0.0,0.0,,0,0,,,11,18,2.3637,244,267,94,75,40,3340.0,0,40,0.0,0.0,0.0,0.0,0.0,0.0,0.0,0.0,0.0,0,0,0,0.0,0.0,,,0.0,0.0,0.0,0.0,17797413734490.035,2.2736,20.2136,41,0,0.0,0,0.0,0,0.0,0,0.0,,,,,,,,,
0,p1rhs4_1247--p1rdt4715,p1rdt4715-p1rhs4_1247x,p1rhs4_1247,62.1081,25.5698,24.1323,0.0,0.0,36.5383,35.998000000000005,81.2372,0.12300000000000001,15.7736,12.47,11.9102,0.0815,0.0,0.0,0.0,11.8287,10.8998,0.1006,14.7259,0.023584562134852848,1,0,5.3848,,75,0,,0,69,2,1,306,7.78,301,5,60.2,2.7206,0.9039955268000002,0.9075078214,0.9090966518,0.6411,33.2278,33.3569,33.4153,500,5,0,0.0,1.6503,0.9695,0.6291,505.0,3731132394.5528,20101028.6087,4736354.8281,57481604019.0507,2.0,39.2931,91,0,0.0,0,0.0,0,0.0,0,0.0,1993.0,671.3711874587028,100.0,0.0,76.0982,1.03359,22.8682,Travis,delta-wye
1,p1rhs1_1247--p1rdt6578,p1rdt6578-p1rhs1_1247x,p1rhs1_1247,44.7181,18.9033,18.9027,0.0,0.0,25.8148,25.798000000000002,88.0289,0.2014,15.6165,12.47,6.0614,0.0,0.0,0.0,0.0,6.0614,6.0614,0.1005,11.9368,0.027303826234882318,0,0,,,27,0,,0,6,0,0,144,3.395,144,0,0.0,1.1456,0.3791901632,0.3835503168,0.38285952,0.2467,33.0997,33.4803,33.42,222,0,0,0.0,1.5417,0.9745,0.6667,222.0,1357146043.0039,7003615.7146,1507886.3061,20754553225.2165,1.9969,25.2184,58,0,0.0,0,0.0,0,0.0,0,0.0,1990.0,161.62978969388897,100.0,0.0,87.234,0.303951,12.462,Travis,delta-wye
2,p1rhs1_1247--p1rdt6634,p1rdt6634-p1rhs1_1247x,p1rhs1_1247,59.3587,24.3398,24.3398,0.0,0.0,35.019,34.9749,80.5357,0.1157,11.6088,12.47,14.2914,0.0,0.0,0.0,0.0,14.2914,14.2914,0.0829,19.4044,0.0278584545111624,1,0,3.7661,,71,0,,0,11,0,0,358,9.43,358,0,0.0,3.0149,1.0001840303,1.0075132522,1.0072027175,0.6222,33.1747,33.4178,33.4075,513,0,0,0.0,1.433,0.9785,0.6667,513.0,4655680034.2363,27361603.7034,5646978.1909,85581018952.9209,1.9986,33.0786,79,0,0.0,0,0.0,0,0.0,0,0.0,1991.0,163.41305609174947,100.0,0.0,97.1554,0.0,2.84464,Travis,delta-wye
3,p1rhs4_1247--p1rdt5851,p1rdt5851-p1rhs4_1247x,p1rhs4_1247,43.9086,12.8384,12.8384,0.0,0.0,31.0702,31.0503,87.0087,0.1426,9.735,12.47,6.5331,0.0,0.0,0.0,0.0,6.5331,6.5331,0.111,12.9519,0.021211492390927143,0,0,,,32,0,,0,3,0,0,177,4.485,177,0,0.0,1.6564,0.5520598996,0.5545594072,0.5497806932,0.3598,33.3289,33.4798,33.1913,308,0,0,0.0,1.5795,0.9733,0.6667,308.0,2865426498.7244,15410194.2235,3347392.4641,41725447554.477005,1.9976,28.3719,70,0,0.0,0,0.0,0,0.0,0,0.0,1987.0,1106.432328936956,100.0,0.0,86.7041,0.374532,12.9213,Travis,delta-wye
4,p1rhs4_1247--p1rdt5185,p1rdt5185-p1rhs4_1247x,p1rhs4_1247,42.5701,22.6884,22.2925,0.0,0.0,19.8816,19.5294,77.6878,0.0869,8.8923,12.47,11.2632,0.156,0.0,0.0,0.0,11.1072,10.3807,0.094,19.2831,0.022986183636696318,1,0,5.9686,,73,0,,0,30,11,1,328,10.195,318,10,31.8,3.3739999999999997,1.112654102,1.109722096,1.151623802,0.7124,32.9773,32.8904,34.1323,480,10,0,0.0,1.5806,0.9771,0.5889,490.0,4807955424.4977,33106142.6502,6990448.2097,100034909291.3345,2.0,38.6443,104,0,0.0,0,0.0,0,0.0,0,0.0,1997.0,191.0491851036991,100.0,0.0,93.1373,1.63399,5.22876,Travis,delta-wye
5,p1rhs4_1247--p1rdt5481,p1rdt5481-p1rhs4_1247x,p1rhs4_1247,53.8935,30.198,30.198,0.0,0.0,23.6956,23.6577,86.0578,0.1321,18.0819,12.47,8.6872,0.1259,0.0,0.0,0.0,8.5613,8.5613,0.1055,13.6804,0.02129220157390314,1,0,5.6233,,61,0,,0,3,0,0,268,7.35,264,4,66.0,2.5224,0.8446533864000001,0.8452638071999999,0.8324828064,0.5602,33.4861,33.5103,33.0036,401,7,0,0.0,1.5224,0.9744,0.6054,408.0,2020185161.0125,12489523.7511,2773872.0513,36393041503.5342,1.9983,34.7906,84,0,0.0,0,0.0,0,0.0,0,0.0,1990.0,339.2513207027243,100.0,0.0,85.2647,3.86266,10.8727,Travis,delta-wye
6,p1rhs7_1247--p1rdt7669,p1rdt7669-p1rhs7_1247x,p1rhs7_1247,30.7479,22.1637,22.0937,0.0,0.0,8.5842,8.4267,88.0663,0.1798,15.9443,12.47,3.9082,0.0762,0.0,0.0,0.0,3.832,3.6836,0.0715,10.629000000000001,0.022855187489119938,2,0,13.5196,,26,0,,0,9,0,0,105,3.2,96,9,10.6667,2.4894,0.8317782431999998,0.8317110294,0.8259107273999999,0.5443,33.4128,33.4101,33.1771,161,9,1,1.3909,1.6132,0.9670000000000001,0.2124,171.0,905566425.3525,13183092.7448,2882643.7966,16946272287.2988,1.9958,23.0864,56,0,0.0,0,0.0,0,0.0,0,0.0,1981.0,3714.4250896259637,100.0,0.0,58.8745,9.09091,32.0346,Travis,delta-wye
7,p1rhs7_1247--p1rdt1161,p1rdt1161-p1rhs7_1247x,p1rhs7_1247,32.4215,13.3991,13.3991,0.0,0.0,19.0224,18.9969,76.4436,0.0908,8.4125,12.47,9.9575,0.0,0.0,0.0,0.0,9.9575,9.9575,0.1131,23.4963,0.027892222345562042,0,0,,,41,0,,0,18,0,0,194,5.48,194,0,0.0,1.8955,0.6282539975,0.632903659,0.634344239,0.4195,33.1445,33.3898,33.4658,357,0,0,0.0,1.8402,0.9732,0.6667,357.0,4565728191.4135,24241956.8624,5365615.3366,70084567195.9272,1.9978,28.0721,60,0,0.0,0,0.0,0,0.0,0,0.0,1984.0,74.11254558923251,100.0,0.0,83.1683,0.792079,16.0396,Travis,delta-wye
8,p1rhs7_1247--p1rdt1291,p1rdt1291-p1rhs7_1247x,p1rhs7_1247,62.2115,32.0999,30.6693,0.0,0.0,30.1116,29.583000000000002,76.5828,0.0799,11.6966,12.47,16.4645,0.1543,0.0,0.0,0.0,16.3102,13.9075,0.1067,17.677,0.021135416585667543,3,0,5.7502,,100,0,,0,104,1,0,392,13.185,383,9,42.5556,4.7839,1.5952823491,1.5947226328,1.5938950181000002,1.0437,33.3469,33.3352,33.3179,770,9,0,0.0,1.9872,0.9741,0.5679,779.0,6120833964.6731,37588345.7687,8200647.2116,103598454203.0995,1.999,46.224,135,0,0.0,0,0.0,0,0.0,0,0.0,1986.0,226.5544180543042,100.0,0.0,83.7862,2.44565,13.7681,Travis,delta-wye
9,p1rhs2_1247--p1rdt1528,p1rdt1528-p1rhs2_1247x,p1rhs2_1247,30.769000000000002,18.6976,18.6091,0.0,0.0,12.0714,12.0472,82.5131,0.0938,9.1708,12.47,6.3842,0.5014,0.0,0.0,0.0,5.8828,5.7798,0.1136,15.5565,0.019464043309009853,2,0,5.2114,,39,0,,0,7,0,0,188,10.025,160,28,5.7143,4.7682,1.5881634468,1.586260935,1.5937756182,1.0183,33.3074,33.2675,33.4251,297,30,1,1.0795,1.7263,0.9761,0.242,328.0,3263248879.7659,47438646.1629,10131491.9745,99738018352.6001,1.9977,35.0719,87,0,0.0,0,0.0,0,0.0,0,0.0,1992.0,555.9401434362971,100.0,0.0,80.2105,10.7368,9.05263,Travis,delta-wye
10,p1rhs0_1247--p1rdt5663,p1rdt5663-p1rhs0_1247x,p1rhs0_1247,44.8318,15.7601,15.7014,0.0,0.0,29.0718,28.7283,87.1532,0.1698,7.9529,12.47,6.147,0.0525,0.0,0.0,0.0,6.0945,5.9658,0.0792,11.7024,0.023284196851562272,0,0,,,39,0,,0,40,0,0,152,3.815,151,1,151.0,1.2765,0.44838339,0.412153767,0.4159628429999999,0.2961,35.126,32.2878,32.5862,263,1,0,0.0,1.7368,0.9691,0.6567,264.0,2756501028.4290004,13328440.6146,3091490.0387,39833528119.1535,1.9972,32.634,87,0,0.0,0,0.0,0,0.0,0,0.0,1976.0,69.02470481864135,100.0,0.0,73.4417,0.5420050000000001,26.0163,Travis,delta-wye
11,p1rhs0_1247--p1rdt6854,p1rdt6854-p1rhs0_1247x,p1rhs0_1247,41.1851,15.1816,14.587,0.0,0.0,26.0035,25.4716,79.6605,0.0942,8.649,12.47,9.1015,0.4403,0.0,0.0,0.0,8.6612,8.0543,0.1144,16.0167,0.02082720826056012,0,0,,,57,0,,0,66,0,0,205,8.1,192,13,14.7692,3.9339999999999997,1.310293446,1.313381636,1.310320984,0.8726,33.3069,33.3854,33.3076,416,20,1,0.9018,2.1214,0.9708,0.3814,437.0,4826428830.4581,43448781.9476,9637817.6891,89460122486.7521,1.9982,31.2475,88,0,0.0,0,0.0,0,0.0,0,0.0,1987.0,479.8712645163777,100.0,0.0,71.3559,5.9322,22.7119,Travis,delta-wye
12,p1rhs2_1247--p1rdt3039,p1rdt3039-p1rhs2_1247x,p1rhs2_1247,41.8223,23.0448,22.5921,0.0,0.0,18.7776,18.4408,74.3573,0.07200000000000001,6.9603,12.47,13.3611,0.2044,0.0,0.0,0.0,13.1567,12.2967,0.1153,22.2833,0.022996665114314998,0,0,,,79,0,,0,35,0,0,330,10.585,319,11,29.0,3.7594,1.25319599,1.2559779459999998,1.250226064,0.8266,33.335,33.409,33.256,570,11,0,0.0,1.7606,0.9751,0.6008,581.0,5930474424.479,38373612.5496,8436950.7619,108044873981.2569,1.9987,37.91,95,0,0.0,0,0.0,0,0.0,0,0.0,1994.0,192.0873341441798,100.0,0.0,83.991,5.29876,10.7103,Travis,delta-wye
13,p1rhs6_1247--p1rdt6561,p1rdt6561-p1rhs6_1247x,p1rhs6_1247,47.9919,22.9794,22.9788,0.0,0.0,25.0125,24.9585,74.3369,0.0761,8.8379,12.47,16.4945,0.0616,0.0,0.0,0.0,16.4329,16.4329,0.1164,25.4828,0.02614030440741831,0,0,,,87,0,,0,9,1,0,398,10.16,393,5,78.6,3.4058,1.1337192982,1.133041544,1.1390391578,0.7605,33.2879,33.268,33.4441,626,5,0,0.0,1.5854,0.9729,0.6189,631.0,5356405932.4928,28911043.6645,6455510.4109,86245775394.8127,1.9988,39.1974,99,0,0.0,0,0.0,0,0.0,0,0.0,1984.0,213.8625039721159,100.0,0.0,83.5706,0.109529,16.3198,Travis,delta-wye
14,p1rhs5_1247--p1rdt7147,p1rdt7147-p1rhs5_1247x,p1rhs5_1247,32.7038,19.1721,18.5957,0.0,0.0,13.5317,13.2559,82.0201,0.1116,7.7652,12.47,6.1302,0.2886,0.0,0.0,0.0,5.8416,5.3726,0.0947,13.8347,0.020922219693079943,0,0,,,36,0,,0,22,0,0,166,5.545,153,13,11.7692,2.0321,0.6850127816,0.6736533425999999,0.6734338758,0.4633,33.7096,33.1506,33.1398,280,13,0,0.0,1.7651,0.9749,0.5269,293.0,2615316091.2765,18138422.1735,4135725.0885,49494633877.5699,1.9975,28.5628,68,0,0.0,0,0.0,0,0.0,0,0.0,1981.0,150.44479899133415,100.0,0.0,83.913,5.21739,10.8696,Travis,delta-wye
15,p1rhs3_1247--p1rdt3467,p1rdt3467-p1rhs3_1247x,p1rhs3_1247,58.1941,32.9228,32.8688,0.0,0.0,25.2713,25.1075,75.1943,0.0794,12.8718,12.47,18.9079,0.3608,0.0,0.0,0.0,18.547,18.4647,0.1239,23.9484,0.025795193769535842,1,0,1.5327,,92,0,,0,14,2,1,417,12.645,403,14,28.7857,5.8485,1.9577561325,1.942836609,1.9479072585,1.2423,33.4745,33.2194,33.3061,716,16,1,1.3877,1.7536,0.9764,0.4442,733.0,3579684033.1076,28561995.2228,6066871.8077,61753212276.4615,2.0,41.4367,113,0,0.0,0,0.0,0,0.0,0,0.0,1980.0,131.63048906438044,100.0,0.0,89.9452,1.91956,8.13528,Travis,delta-wye
16,p1rhs6_1247--p1rdt476,p1rdt476-p1rhs6_1247x,p1rhs6_1247,40.7911,16.7436,16.743,0.0,0.0,24.0475,23.9635,60.9363,0.0501,7.1111,12.47,26.0107,0.0231,0.0,0.0,0.0,25.9876,25.8794,0.1469,38.7406,0.031914915299168074,0,0,,,106,0,,0,5,1,0,497,12.645,495,2,247.5,4.3171,1.4395844831,1.4478430954,1.4296724215,0.9015,33.3461,33.5374,33.1165,813,2,0,0.0,1.6398,0.9773,0.6574,815.0,9977566876.7795,52852128.9071,11036486.0293,154805316756.9045,1.9991,59.0365,161,0,0.0,0,0.0,0,0.0,0,0.0,1989.0,84.6858587947571,100.0,0.0,92.7536,0.543478,6.7029,Travis,delta-wye
17,p1rhs5_1247--p1rdt7748,p1rdt7748-p1rhs5_1247x,p1rhs5_1247,30.5154,14.3662,14.0326,0.0,0.0,16.1492,15.8407,70.5927,0.0666,8.1617,12.47,11.8026,0.2307,0.0,0.0,0.0,11.5719,10.7571,0.1069,25.4197,0.025769785557139185,0,0,,,52,0,,0,28,0,0,261,7.93,249,12,20.75,2.8383,0.9466071096,0.9514066749,0.9402862155,0.6277,33.3512,33.5203,33.1285,446,12,0,0.0,1.7548,0.9748,0.5715,458.0,6456450719.7472,40011789.8089,8849131.9718,111789638007.8512,1.9984,38.7452,99,0,0.0,0,0.0,0,0.0,0,0.0,1984.0,70.05533286649558,100.0,0.0,84.375,3.125,12.5,Travis,delta-wye
18,p1rhs3_1247--p1rdt8207,p1rdt8207-p1rhs3_1247x,p1rhs3_1247,43.6111,15.5968,15.0841,0.0,0.0,28.0143,27.2469,73.5882,0.0823,12.1732,12.47,13.913,0.4806,0.0,0.0,0.0,13.4324,12.0554,0.1629,20.9571,0.026251001044003897,2,0,5.7426,,72,0,,0,54,0,0,299,10.065,287,12,23.9167,3.6378,1.2070547802,1.2187139292,1.2120349284,0.7929,33.1809,33.5014,33.3178,514,16,0,0.0,1.7726,0.9745,0.4988,530.0,4639606454.2095,31845078.2107,6941196.8833,88108752757.7712,1.9986,40.0071,106,0,0.0,0,0.0,0,0.0,0,0.0,1987.0,735.1161508475062,100.0,0.0,80.985,5.74555,13.2695,Travis,delta-wye
19,p1rhs3_1247--p1rdt8208,p1rdt8208-p1rhs3_1247x,p1rhs3_1247,59.2518,29.0859,28.791999999999998,0.0,0.0,30.1659,29.4674,73.319,0.069,9.0547,12.47,20.2083,0.9601,0.0,0.0,0.0,19.2482,18.7065,0.1238,23.541999999999998,0.023525375976618062,2,0,3.1175,,117,0,,0,34,1,0,501,19.055,456,45,10.1333,6.9077,2.3031860571,2.3022535176,2.3022535176,1.5338,33.3423,33.3288,33.3288,810,49,0,0.0,1.7146,0.9753,0.4234,859.0,6900482582.3471,55490548.9757,12321286.4362,153071822592.1117,1.9991,48.1122,139,0,0.0,0,0.0,0,0.0,0,0.0,1983.0,6280.728706777975,100.0,0.0,81.4416,7.4565,11.1019,Travis,delta-wye
20,p1rhs3_1247--p1rdt2378,p1rdt2378-p1rhs3_1247x,p1rhs3_1247,46.1928,16.8118,16.8112,0.0,0.0,29.381,29.3387,75.9067,0.0872,14.404000000000002,12.47,14.6054,0.0683,0.0,0.0,0.0,14.5371,14.5371,0.1138,23.9105,0.02755741217523837,0,0,,,68,0,,0,14,1,0,296,8.395,294,2,147.0,2.9259,0.973300635,0.9823094810999998,0.9702898839,0.6135,33.265,33.5729,33.1621,528,2,0,0.0,1.7905,0.9765,0.6307,530.0,5393562761.0463,29775608.0692,6242998.0661,85431998828.271,1.9985,36.9962,93,0,0.0,0,0.0,0,0.0,0,0.0,1985.0,63.54320165290653,100.0,0.0,90.6883,1.07962,8.23212,Travis,delta-wye
21,p1rhs3_1247--p1rdt2874,p1rdt2874-p1rhs3_1247x,p1rhs3_1247,62.0573,23.2264,23.0881,0.0,0.0,38.830999999999996,38.4908,77.7933,0.0877,12.3858,12.47,17.0997,0.1564,0.0,0.0,0.0,16.9433,16.6784,0.127,21.0701,0.02415216016480343,2,0,4.4067,,98,0,,0,34,0,0,450,12.88,442,8,55.25,4.4609,1.4843243269,1.482981596,1.4935940771,0.9401,33.2741,33.244,33.4819,700,8,0,0.0,1.5733,0.976,0.5677,708.0,6990882559.5906,44047146.0061,9282756.985,127178767468.2591,1.999,40.6264,105,0,0.0,0,0.0,0,0.0,0,0.0,1984.0,80.11290875814308,100.0,0.0,89.5907,1.9573,8.45196,Travis,delta-wye
22,p1rhs1_1247--p1rdt2397,p1rdt2397-p1rhs1_1247x,p1rhs1_1247,29.3147,12.0725,11.8101,0.0,0.0,17.2422,17.0487,82.8072,0.1357,9.2242,12.47,5.5359,0.0992,0.0,0.0,0.0,5.4366,4.8864,0.1048,14.020999999999999,0.025628979317892046,0,0,,,34,0,,0,29,0,0,144,4.285,140,4,35.0,1.3999,0.479423753,0.4607728853000001,0.45970336170000003,0.3287,34.247,32.9147,32.8383,212,4,0,0.0,1.5,0.9732,0.5812,216.0,2048361483.6648,13275791.0122,3116924.2192,40635319247.702,1.9969999999999999,28.1773,76,0,0.0,0,0.0,0,0.0,0,0.0,1989.0,175.7563338308857,100.0,0.0,82.0261,1.96078,16.0131,Travis,delta-wye
23,p1rhs1_1247--p1rdt5979,p1rdt5979-p1rhs1_1247x,p1rhs1_1247,35.4426,21.5814,20.9151,0.0,0.0,13.8612,13.6432,76.5736,0.09300000000000001,12.7247,12.47,9.6882,0.536,0.0,0.0,0.0,9.1522,8.3932,0.079,18.5976,0.025428328721553282,1,0,4.8244,,47,0,,0,45,1,0,262,9.84,238,24,9.9167,3.4647,1.1516247036,1.152463161,1.1606121354,0.7934,33.2388,33.263000000000005,33.4982,353,28,0,0.0,1.4542,0.9753,0.4332,381.0,2589170589.2852,23544898.2795,5391733.578,66869917581.5383,1.9983,39.3419,110,0,0.0,0,0.0,0,0.0,0,0.0,1992.0,605.4722433233915,100.0,0.0,86.3772,4.64072,8.98204,Travis,delta-wye
24,p1rhs2_1247--p1rdt4805,p1rdt4805-p1rhs2_1247x,p1rhs2_1247,32.6275,15.1917,15.1911,0.0,0.0,17.4358,17.4073,82.7253,0.1073,7.627999999999999,12.47,6.778,0.0428,0.0,0.0,0.0,6.7352,6.6571,0.0879,16.8939,0.0222959142606053,0,0,,,46,0,,0,9,1,0,189,4.81,187,2,93.5,1.645,0.543549125,0.5433500800000001,0.5581007950000001,0.3624,33.0425,33.0304,33.9271,302,2,0,0.0,1.6085,0.9729,0.6421,304.0,4063701257.9269,21988985.6941,4843760.4847,64297378456.0142,1.9975,28.9563,65,0,0.0,0,0.0,0,0.0,0,0.0,1984.0,109.69320113612841,100.0,0.0,83.2609,1.08696,15.6522,Travis,delta-wye
25,p1rhs5_1247--p1rdt1339,p1rdt1339-p1rhs5_1247x,p1rhs5_1247,53.8287,28.9631,27.5545,0.0,0.0,24.8656,24.2962,77.314,0.096,8.5036,12.47,13.2363,0.7385,0.0,0.0,0.0,12.4978,11.0976,0.0972,16.5475,0.02359420564974534,1,0,7.2172,,81,0,,0,84,0,0,367,14.075,330,37,8.9189,4.7992,1.5789463984,1.5904260847999998,1.6298275168,1.1126,32.9002,33.1394,33.9604,523,38,0,0.0,1.5286,0.971,0.4004,561.0,4124869138.4047,35287028.0695,8180587.8674,103489363855.6967,1.9988,52.5786,155,0,0.0,0,0.0,0,0.0,0,0.0,1987.0,5007.8878747038925,100.0,0.0,66.4365,10.3591,23.2044,Travis,delta-wye
26,p1rhs2_1247--p1rdt3426,p1rdt3426-p1rhs2_1247x,p1rhs2_1247,39.6838,17.2894,16.903,0.0,0.0,22.3944,21.557,74.7451,0.0934,8.0528,12.47,11.7712,0.3205,0.0,0.0,0.0,11.4506,10.7226,0.1135,20.8388,0.02769682486518684,0,0,,,68,0,,0,35,1,0,270,8.02,259,11,23.5455,2.7529,0.9211698922,0.9168505921,0.9148795157,0.6143,33.4618,33.3049,33.2333,412,13,0,0.0,1.5799,0.972,0.5099,425.0,5457253716.1499,35349226.1586,7887692.5482,102981587772.9938,1.9983,33.6056,89,0,0.0,0,0.0,0,0.0,0,0.0,1984.0,121.32286209831295,100.0,0.0,81.8047,1.47929,16.715999999999998,Travis,delta-wye
27,p1rhs4_1247--p1rdt2300,p1rdt2300-p1rhs4_1247x,p1rhs4_1247,40.9414,21.0258,20.5539,0.0,0.0,19.9156,19.3663,86.6264,0.1402,12.5954,12.47,5.1418,0.0185,0.0,0.0,0.0,5.1233,4.704,0.0901,10.2077,0.0176090664336891,0,0,,,47,0,,0,36,0,0,201,5.535,196,5,39.2,1.8526,0.6234128682,0.6181440738,0.6110430579999999,0.408,33.6507,33.3663,32.983000000000004,287,5,0,0.0,1.4527,0.9755,0.5923,292.0,2191492670.1,13903732.8144,3062154.7633,41540794277.4099,1.9976,25.9178,69,0,0.0,0,0.0,0,0.0,0,0.0,1990.0,408.72165827275114,100.0,0.0,90.458,1.14504,8.39695,Travis,delta-wye
28,p1rhs5_1247--p1rdt8064,p1rdt8064-p1rhs5_1247x,p1rhs5_1247,51.7332,25.2145,25.2145,0.0,0.0,26.5187,26.0486,73.0553,0.0791,9.1428,12.47,18.437,0.0968,0.0,0.0,0.0,18.3402,18.1923,0.0861,25.9259,0.02819118180895666,1,0,7.7546,,97,0,,0,19,0,0,436,11.4,432,4,108.0,3.7519,1.2752820657,1.2415900037,1.2350316824999998,0.8121,33.9903,33.0923,32.9175,650,4,0,0.0,1.5,0.9744,0.638,654.0,4895367368.1634,28084043.2055,6078646.3682,85332091738.629,1.9989,46.5702,123,0,0.0,0,0.0,0,0.0,0,0.0,1987.0,181.3203374655513,100.0,0.0,87.698,0.931966,11.37,Travis,delta-wye
29,p1rhs4_1247--p1rdt6999,p1rdt6999-p1rhs4_1247x,p1rhs4_1247,17.5742,7.9368,7.8166,0.0,0.0,9.6374,9.5307,84.7958,0.1246,5.8854,12.47,2.8836,0.0617,0.0,0.0,0.0,2.822,2.7219,0.0758,13.3049,0.020451177156739074,0,0,,,18,0,,0,8,1,0,89,2.665,84,5,16.8,0.9790000000000001,0.315636453,0.35134645700000006,0.31201611100000004,0.2142,32.2407,35.8883,31.8709,136,5,0,0.0,1.5843,0.9745,0.5396,141.0,2077477496.1339998,14424466.3261,3155967.4615,39265798065.2286,1.9947,16.9158,41,0,0.0,0,0.0,0,0.0,0,0.0,1995.0,501.77460499882596,100.0,0.0,85.9848,4.16667,9.84848,Travis,delta-wye
30,subtransmission,st_mat,,0.0364,0.0364,0.0364,0.0,0.0,0.0,0.0,100.0,,7.9821,230.0,0.0,0.0,0.0,0.0,0.0,0.0,0.0,0.0,0.0,,0,0,,,2,4,5.5386,80,87,30,26,14,1394.0,0,14,0.0,0.0,0.0,0.0,0.0,0.0,0.0,0.0,0.0,0,0,0,0.0,0.0,,,0.0,0.0,0.0,0.0,2121401906327.844,2.2825,17.3973,36,0,0.0,0,0.0,0,0.0,0,0.0,,,,,,,,,
